"_time","http.url","http.status","endpoints.server","transfer.upload","transfer.download","time.duration","http.referer","http.userAgent","contentType.fromHttp","user.name"
173.319444,http://prefaceamachristivocife.com/images/iLw8jg4I/QbbrLage_2FpS4jQxmzE1uQ/LiHd46_2BA/b43LPBQ_2BoED5SEY/HZHsiPqTmGPv/xjRUDKKkpMT/_2FpLt3O6eiC_2/B4rM8LGxgODrY0C5gd4n3/XvkelZAHeigNtT4F/uAYeWqL2gOjgadX/okz7aHI5aDy/BK.gif,200,134.249.30.72,348,275,0.050866,"-","Mozilla/4.0 (compatible; MSIE 8.0; Windows NT 6.1)","application/octet-stream",User1
174.92009,http://redimcanonesnonsaltemnet.com/1001z.bin,200,91.218.89.197,176,423282,0.074137,"-","Mozilla/4.0 (compatible; MSIE 8.0; Windows NT 6.1)","application/octet-stream",User1
172.38127,http://www.iclnet.org/pub/resources/text/wittenberg/luther/ninetyfive-latin.txt,200,173.237.190.72,210,15383,0.150405,"-","Mozilla/4.0 (compatible; MSIE 8.0; Windows NT 6.1)","text/plain",User1
568.693553,http://prefaceamachristivocife.com/images/xwb2w4tGLGIFObjMhMKy/BSE4TJW5K79QVsPYtZx/ySbmmiK1Xm0atWRSedGWg9/6As36NFJU_2BQ/AZ2jdSB9/iwHYivcwZ_2FZ0zTEfhH5OZ/ToCHRbwJe5/pWsgypzkc6duCVDHZ/SNNJX8f7Hq/5XkR92yl3xn/F.gif,200,134.249.30.72,399,134,0.046442,"-","Mozilla/4.0 (compatible; MSIE 8.0; Windows NT 6.1)","text/html",User1
968.697531,http://prefaceamachristivocife.com/images/vAxZMRIx7tvB_2Bi/YaF3caMKe32J5Bo/dOrqYKzkNmhDMZMzT_/2BJwy6jfL/l_2BOi_2B1BdiOHYvU5k/YmxR4u0uFBBWwozwKwa/1m_2BEdirRxTkZ3iTxlzWD/NEch7zBQjrWdw/8GiT536w/QiAsQTFJl2vlrBDjkgP/T.gif,200,134.249.30.72,347,134,0.050850,"-","Mozilla/4.0 (compatible; MSIE 8.0; Windows NT 6.1)","text/html",User1
1368.896709,http://prefaceamachristivocife.com/images/c2uLWRTQaYlE8Qx2M/BBVe6OExRopi/_2Fyb8Jwpgs/ne6qsjyXpklp14/K_2FST1GT_2BXsi_2BDcN/iOm3AF3Pwmx68fEt/mrrgjzswHfOCxkN/UxmW8YwoOLCrTXPseP/xyfBEKfUU/lRS2erB9hP4u8TrjYASj/5D7Y5.gif,200,134.249.30.72,345,134,0.051303,"-","Mozilla/4.0 (compatible; MSIE 8.0; Windows NT 6.1)","text/html",User1
1768.946072,http://prefaceamachristivocife.com/images/efD1X_2FdNIT7tp1a5/y08FzS4dy/_2BVA8UIlCMc38RNY2tC/CAsn6i_2F15hU1dfvnY/Ldtz7VK_2BOBcCPXgX5LBV/a6IBoVZ9icH_2/F9XlwhaE/aRbbN74EayuR5GGfV878NOD/vJdqpkfjfQ/3fszEla3c/tRHlznJt/D.gif,200,134.249.30.72,348,134,0.048980,"-","Mozilla/4.0 (compatible; MSIE 8.0; Windows NT 6.1)","text/html",User1
2190.299282,http://prefaceamachristivocife.com/images/gxFj3vbcuap0/CVUfJ2PqZ1S/Y70KxWPZ42dGzD/l1e2Eias1_2FpX_2BYb9O/g8IkoXWqk7JQvZg_/2FNwbHgzQ11DcK_/2BRzjKKFYgh61Whs1W/gCCkaHUbd/isf3HTdhC4Oq68iy6Gab/OiYBVgSkBK3i8AEK15R/bpJ.gif,200,193.106.222.251,345,134,0.086365,"-","Mozilla/4.0 (compatible; MSIE 8.0; Windows NT 6.1)","text/html",User1
2590.14998,http://prefaceamachristivocife.com/images/dvViz77UIvkW/OrwHsd_2Fl9/68avJmPaDqF73O/KWOPg10l2WEKPGFxqssda/OehRFDKijc2lr4zV/2LWsyXLnNCVt56U/UVkDo4aeGdyowVA6_2/BTwaRszQJ/E3Nxvv_2FLw81UkimrVz/rSdm245KEumzMG4/bhhub.gif,200,193.106.222.251,343,134,0.089295,"-","Mozilla/4.0 (compatible; MSIE 8.0; Windows NT 6.1)","text/html",User1
2989.983652,http://prefaceamachristivocife.com/images/l0i_2F6kDYOENFCwEbCwE/MCrQfCUyrvnuoRWU/5XJ6pkgAZhexFUg/pF_2B9ZQMtPMRLC5FU/RP_2BZN6E/ou3vIQJf5WCUQBatjQCf/Dt_2FwTQS1w6BDGMymY/hnQeu0wFzbwKEirGqWAPGa/oGJGuIdBU4o_2FjE2/bmE.gif,200,193.106.222.251,346,134,0.083817,"-","Mozilla/4.0 (compatible; MSIE 8.0; Windows NT 6.1)","text/html",User1
3389.976370,http://prefaceamachristivocife.com/images/I9Prv2fc52bi4t2Hs8t/gY3pYOncSTOyo7VbemIJ_2/F0BvVxzMjZPDj/PNEPx2DR/3UTCe4u8ncsP9HlASSBYrfy/kWEYj3UpsG/Qu33VHaGQhI5SUjM3/fzlg_2FVwTue/zLJ9kKp1PTk/39S_2BJgxYQp2um/IZyJ9Z.gif,200,193.106.222.251,343,134,0.080929,"-","Mozilla/4.0 (compatible; MSIE 8.0; Windows NT 6.1)","text/html",User1
3789.999763,http://prefaceamachristivocife.com/images/COB4_2B_2FqofQQo4r/JQGxuzfUR/HjxhOiZjr_2BUQYJhy_2/B6Qs5fEPO2QOzHkCg5a/mg1hvzKA0EbSp3THXnM8dT/fv1f9AZqPpv0E/m_2B3x6o/Abmlny7M7O7ds9ObZBsjQ_2/F_2FKZojsW/0YhTJ_2BgSs9wHPLu/erUDOVk.gif,200,193.106.222.251,353,134,0.089312,"-","Mozilla/4.0 (compatible; MSIE 8.0; Windows NT 6.1)","text/html",User1
4172.188687,http://prefaceamachristivocife.com/images/O9RXh6jW6D2uD1RXUJcq/sat1bIi6eDQiUBxHW4M/2xfylmF1HMKFaBt4vSbZhk/JJ9QNdNfkFfjs/hp_2F_2B/hRN224srSYoNRcHzdtdCKWX/NbLZRj_2Bl/J54f57pAQRrf6BVV_/2BIcz1hZw8mW/WU0_2BciT91/eqRou.gif,200,93.171.19.129,347,134,0.063708,"-","Mozilla/4.0 (compatible; MSIE 8.0; Windows NT 6.1)","text/html",User1
4568.978141,http://prefaceamachristivocife.com/images/FBr4Qo4AJgs/mbwz2aJSvfVNKc/RfqN1XfpAy3RqcoI8BuYX/ZggxPoavSMD2pfjZ/yLsek_2Fw9L57Fq/epDe9zkWB2YpTwI75J/lnBBv6k_2/Bo7X5QlU78NtrZMfaS7C/vmKu_2FMF2NESzS9ZQn/TYZVZcMwGmT/XG.gif,200,93.171.19.129,343,134,0.059572,"-","Mozilla/4.0 (compatible; MSIE 8.0; Windows NT 6.1)","text/html",User1
4969.2697,http://prefaceamachristivocife.com/images/aHYfEFtQcbogUw/4NzcvhiGTjWd_2FvuQfY3/A0ocs3_2FiCFHaIu/3i8XI_2BxAf6RK_/2F4YwSX0BWu608Pqvd/YfM_2BbLW/c27i_2FLCTOv6O_2FoUJ/man5gYWBYtmNfea7RFr/Yp9Faw_2Fgg09W_2BYo5U5/ABqBcptCJ/Kkgeq.gif,200,93.171.19.129,355,134,0.061875,"-","Mozilla/4.0 (compatible; MSIE 8.0; Windows NT 6.1)","text/html",User1
5368.988940,http://prefaceamachristivocife.com/images/8vQRE9uzeneRPZm8Tk/AvwTBxhJ_/2B9mRoIu84ygMCF50h8J/LIGsncomRroRqUXgmDA/_2FIF670eLYBAgwJDj367n/jIKPIe4aCFBFw/uD0vcq3O/aC9F_2BvAzPi4VYPFT363kM/iyzdUOtUZx/xp7huyofZ/1i0Nl.gif,200,93.171.19.129,343,134,0.063734,"-","Mozilla/4.0 (compatible; MSIE 8.0; Windows NT 6.1)","text/html",User1
5769.187006,http://siclaicorumunis.com/images/YwBxC1l0JLaJhvqa4NhXCPH/86UQr2_2FV/AHGjCxXaQnYP7JkEJ/KM_2FYaCrYuq/PQkYzjiU7MV/jgvz8qeWieFg0C/HRgDTgMKdi10ygnUjPa9j/xz4823ci_2FJBafB/siRvyNlrx4pwHwl/pcKHgGqn3Vtoi2ln/C.gif,200,178.136.222.110,335,134,0.051562,"-","Mozilla/4.0 (compatible; MSIE 8.0; Windows NT 6.1)","text/html",User1
6169.8282,http://siclaicorumunis.com/images/SNF2_2BYPUAu/imisFBHnx9z/Fk_2B1l8x4pkvE/aDKo450yhlkgeP9h9Ft_2/BHkrwuddycNU7Cj2/tpraQ_2BIBsZNYI/3ysFU8BbCBNqDJumBI/BYzZwuLp5/m3FKZgtYTvJrR6roSujU/J7ePmYz_2FukfpXfgDJ/mk3VW.gif,200,178.136.222.110,339,134,0.051307,"-","Mozilla/4.0 (compatible; MSIE 8.0; Windows NT 6.1)","text/html",User1
6568.989989,http://siclaicorumunis.com/images/KFbpOxbYbcffwWUFj/Obf7hbv221vu/WvTxA7whOqQ/CZBv7kQNMufkPx/nA5QGt0jOxhV2jjnOg8Cq/pP5rTrwr6qeq8NiT/KLHONZMHhx1luQt/fDuP_2F2nQAY5jyjUZ/H18_2Fczu/jaisx1rKwDpXSB4_2F3s/cXX.gif,200,178.136.222.110,335,134,0.051041,"-","Mozilla/4.0 (compatible; MSIE 8.0; Windows NT 6.1)","text/html",User1
6968.997117,http://siclaicorumunis.com/images/jT7E4S_2F_2FOd4IrCEEVl/VkekyD7p1gEPc/Nj59G_2F/SsRMD3cf3nPP6PSvGeGhSl1/D3lb5KLDaT/DWa2b_2F45Nti2yoC/OyvSzvqufbd2/RRkPbDGcYvN/ywhDTktJx7q6dB/zVWcc6Jed9jVrMn1ziuxJ/RtqL1m6.gif,200,178.136.222.110,337,134,0.051492,"-","Mozilla/4.0 (compatible; MSIE 8.0; Windows NT 6.1)","text/html",User1
7369.3147,http://siclaicorumunis.com/images/nOCloYeIb2F/pcQec_2B_2Bcve/70uA3Asfo6BV_2FIG1G_2/FB7xXA0XWbFZWyyf/BE_2Ft7r2TWCp7t/fzI8KfeK7B_2BizDDR/rvqSUWcpZ/rzMDAh89QPUbozQ2M96Z/dBvDB9JsaFHVtRhCprC/p2knkDqFenDjDg/QTmOQ.gif,200,178.136.222.110,341,134,0.051197,"-","Mozilla/4.0 (compatible; MSIE 8.0; Windows NT 6.1)","text/html",User1
7769.437834,http://siclaicorumunis.com/images/9jsSpof_2FkSh/41CIFLYh/rNmK34j8MssGlt3gA0I2gB5/EerFWN_2Fw/CqKrARbzgIFWJkbbJ/8sQA4NPCB6YB/AsZBecnPb1y/p63q3ozJYEzUrR/AW0hda0VH9skVlttrNAQo/RbUzq7aAEW_2FquT/FkpkY6qK/TmK.gif,200,176.36.152.181,336,134,0.056733,"-","Mozilla/4.0 (compatible; MSIE 8.0; Windows NT 6.1)","text/html",User1
8169.13947,http://siclaicorumunis.com/images/9nl2hF1qaMpgyAjvQKGc/lzTQWvt8u6af4og_2Bn/7ABKMwfNMKO35hRC68r7MN/_2FEsA8yFGZFN/5SCo8k_2/FqBfpuaLJUjfNSDGQP3Kmxh/hKrQpU_2Fs/z9jCjYg_2BQZ5UoWZ/pGPx9rYwYUC9/6ZcNG2ASEos/BHSjx.gif,200,176.36.152.181,339,134,0.054947,"-","Mozilla/4.0 (compatible; MSIE 8.0; Windows NT 6.1)","text/html",User1
8569.23977,http://siclaicorumunis.com/images/rRl7J_2FFzLcquF098/KAWnWoODg/Z8hHGzHBC7K37ZGAXuQO/O7ZcPgJlxUNanFzHVwD/ZW3iCYjgYnI8G_2BX8Z35y/kM3GFa_2FhJQw/2ffISizY/dan7RT_2FNDdGigZj7iooRn/TqxOaNtKLN/qdSJaj2Ry/Y8XrdR3.gif,200,176.36.152.181,337,134,0.058180,"-","Mozilla/4.0 (compatible; MSIE 8.0; Windows NT 6.1)","text/html",User1
8969.28119,http://siclaicorumunis.com/images/K220dFHXVFr3G_2F/rZYPJLhzbgkTfjg/XLxEu0JukX_2BCClZ2/6OkMVSdHZ/72SZbyyNXjFANCJ5BULe/pthz_2Bj_2BHUcAojhw/Yq2_2FhHsU9yLyYMUyEyM1/AONpV3L1nZzBy/wKDukP4A/Bc26c0L6I0E4wACq13U/K.gif,200,176.36.152.181,339,134,0.055607,"-","Mozilla/4.0 (compatible; MSIE 8.0; Windows NT 6.1)","text/html",User1
9369.33569,http://siclaicorumunis.com/images/dy4yrzyR7sP/kDULrV2ufnlnlD/l39RboiNZKtn2ADHPsect/Gk9p6iI_2B6S82P3/7iyS2ttHt1qlM8o/hPD4eXpO3IhrG_2B7K/rMdC2FYZ9/lRLUBrXN_2BneTXtkxAp/kzaachelD8dE9HKLWr7/OUSRtBtdg/s7Xw.gif,200,176.36.152.181,335,134,0.054542,"-","Mozilla/4.0 (compatible; MSIE 8.0; Windows NT 6.1)","text/html",User1
9769.254953,http://siclaicorumunis.com/images/mWI_2BFg/65x2N2HWUyXUGr8p_2BujAo/3KWMZ34fLl/nO1pfFdacgGdKBLfy/QwzjaU4w4evS/0UB6PzWbMt7/14Hj0E4C38ijb_/2FRfvt0pw4QHjEoHTzKqc/nf5LZyV_2F0WrOhy/gouo_2FPwp5SDez/1ST0crFfIHDL/I.gif,200,94.76.98.197,340,134,0.047829,"-","Mozilla/4.0 (compatible; MSIE 8.0; Windows NT 6.1)","text/html",User1
10169.34655,http://siclaicorumunis.com/images/7eGvGbp5PQC0/r1uiOue6DSF/BcYr4rqm2IqDao/HC5k9gfZ0Q9NFcrVkb6hZ/Oz9pUVSnvSzRWiA0/oC9WlMgsIUOczSc/K3_2BR0rfUoaNjR2cu/X2wJxnXqO/pyOGrf8X_2FtAm3sijHt/m1uMlfWQ_2FL72ft64q/9.gif,200,94.76.98.197,335,134,0.048682,"-","Mozilla/4.0 (compatible; MSIE 8.0; Windows NT 6.1)","text/html",User1
10569.65117,http://siclaicorumunis.com/images/vCGSUMluzPYesQ_2B/fUr6ENW4Pa5V/MTDJgjFf4Ci/Sdr_2F7TDmNcT4/S_2BeWV29SJdGuWF4JDHL/3sUzyqkX9MYD2NPE/5pf7O1E8wDP2XRH/_2BCsJR741JygigH7x/P4MS2eB_2/BOU5cRgyuR0lHl2iri5x/7wDfvkj.gif,200,94.76.98.197,339,134,0.050776,"-","Mozilla/4.0 (compatible; MSIE 8.0; Windows NT 6.1)","text/html",User1
10969.42784,http://siclaicorumunis.com/images/ecORttlHwBQ/Sk9BICfasIGWgv/ZZ_2Fgo9Jlkh_2BYBZ7uw/qlm0JK5ugwLoseh2/bBOugctLXfPwVRd/rmJddM8QKkA5l_2B8e/XdlOI0Ngb/oXgkDgCtWQ7TUn41Wh_2/F7bh8s57tUCop67cePA/EB_2BLECNion/f9Emf.gif,200,94.76.98.197,339,134,0.043705,"-","Mozilla/4.0 (compatible; MSIE 8.0; Windows NT 6.1)","text/html",User1
11369.309634,http://quodrarusdatmentempublic.com/images/5SYgNLpmXWGRCbBR4_2F/QDoCPR4FUeFiaVw1wc4/KSnUNc8uXYGQ_2B9i9PE_2/FHz8xONxHtvHl/PtxXNaVT/mHzidu17IDd75GPjTwCSt2m/NqgJ_2FjxO/r0wLwh7av5iSo3BCf/MCOuCItMTd_2/FTXdh_2Byj4_2FkoWnD/I.gif,200,37.115.172.216,352,134,0.037901,"-","Mozilla/4.0 (compatible; MSIE 8.0; Windows NT 6.1)","text/html",User1
11769.41502,http://quodrarusdatmentempublic.com/images/r_2BMW_2BVRk3/NNc51nAj/XNF2VUhmfMZ8hNUlFrQJxT5/PDKw_2BMt_/2BR_2FPQ4XQAl48jA/n743D0f_2Bcn/vXiGHQc5Azv/Z2Jt50l1USd123/_2BsDcjIYK8JWnrPCMz_2/FjYQINSL8cgd8aOG/uvxMWbeJk1G2say2/Waj02.gif,200,37.115.172.216,355,275,0.035166,"-","Mozilla/4.0 (compatible; MSIE 8.0; Windows NT 6.1)","application/octet-stream",User1
11769.565779,http://redimcanonesnonsaltemnet.com/1001z.bin,200,178.215.190.133,176,427467,0.044843,"-","Mozilla/4.0 (compatible; MSIE 8.0; Windows NT 6.1)","application/octet-stream",User1
12169.49698,http://quodrarusdatmentempublic.com/images/Sfps6bzfBuEBtBCTKnIL60y/H_2FYg1DyC/0nAhqo55s0lvWVrc8/dqdSuTR_2Ffd/fiFpRrrfvow/dyypUxqZKtQ8ZK/NNHdnV_2FQdM_2FF0UMPc/HBo30ikk1YBDLEwj/ybNUdKnTz0a1lC4/8I_2BBf2Yi49dFsh/9_2F6nN.gif,200,37.115.172.216,408,134,0.036913,"-","Mozilla/4.0 (compatible; MSIE 8.0; Windows NT 6.1)","text/html",User1
12569.56301,http://quodrarusdatmentempublic.com/images/kpVPvtVvn2MBP7YYQt/iCo_2BMwS/fA7kQ9hJ9NWbSBB5htpV/jb2fYIdKZWOu_2B58Av/Pj_2F7PQA8WcJNrL2Twk6L/6vjdMxKsDlX5i/w0IlF_2F/v_2FpjSljDKHZr6bZqgE75_/2Fv_2FNZ5b/P6CtpXYU_2BRj5D27/BThjSKR.gif,200,37.115.172.216,354,134,0.037105,"-","Mozilla/4.0 (compatible; MSIE 8.0; Windows NT 6.1)","text/html",User1
12969.54327,http://quodrarusdatmentempublic.com/images/zF0Y7iqDPrIryYMX9oQ/ZprUfzaCvqNFyGWCaVkFzn/kVBYSq02T_2B2/wLlvcdL8/Qx3Jagd24APNnsaghJR34Fb/wxFFwadJgu/0qaT_2FIcSkglqLJ8/gzOxetTfH1Ly/I6z_2B2DtGE/vdIXIKGCw1vT5T4zcXiU/s.gif,200,37.115.172.216,344,134,0.034959,"-","Mozilla/4.0 (compatible; MSIE 8.0; Windows NT 6.1)","text/html",User1
13369.251940,http://quodrarusdatmentempublic.com/images/Y2m0QXZDaeCNVzNebK_2/BPLfbaVP_2FqSIPFySw/Vzxl1kosk88_2BMB8WpLPb/Jv7ACpzAdVs01/10SEZrXO/b1G_2BiOQPBq1no8EtAuWN8/Aef_2BKpfN/txk3xS2KhJehQ3Hqk/bSUOJ2cCP4Qp/syEGG_2Bi/dWJu3fP3/n.gif,200,176.8.238.120,351,134,0.033248,"-","Mozilla/4.0 (compatible; MSIE 8.0; Windows NT 6.1)","text/html",User1
13769.68096,http://quodrarusdatmentempublic.com/images/BS7SHxSNHGtiYf_2FXF2_/2BYV9oJTeZgeuDB6/IDrzUvBpIi0m528/EQqSm9L_2FmUveZ3Ul/4dqeGE0XS/_2BTC9n9xwCtU3UOTbvn/arOVaPNTzq5R1GhcuYC/nqm0L7ke4jH0V_2FwpvoJD/NM4_2FsXHJGF9/DZZao1_2B/Qo.gif,200,176.8.238.120,352,134,0.035170,"-","Mozilla/4.0 (compatible; MSIE 8.0; Windows NT 6.1)","text/html",User1
14169.73017,http://quodrarusdatmentempublic.com/images/GyLJNpsvl3sOju1vj7knfA/0KnAcYHCVXpVw/dv_2BSGm/JGusyxcL_2F4PGx7zli7Kia/zREnfdOuHu/IUOFsHTNre7r0LKq_/2FWIWfO9kEub/vL4Pqiahs_2/BBzmMughlyPWEH/s7CdBBxJlmVZpJQKXL_2B/xCIYWfYF/G.gif,200,176.8.238.120,349,134,0.033641,"-","Mozilla/4.0 (compatible; MSIE 8.0; Windows NT 6.1)","text/html",User1
14569.73188,http://quodrarusdatmentempublic.com/images/nbbD_2BkHoSP2yQseS/e_2F4fwvT/8_2F1YRHaMVb7l8LdgTQ/rCKfqPvY_2F8HjraCTk/6j9vbuSgxw9ZTn2XR0_2FL/xTqxkbWGfh_2B/G3v0Lmi9/sgHvu8SnHFsV0BJTfYs2b1M/qQTnY6Ib4G/i6UXMU4W149dUDYaT/puq.gif,200,176.8.238.120,350,134,0.033531,"-","Mozilla/4.0 (compatible; MSIE 8.0; Windows NT 6.1)","text/html",User1
14969.79495,http://quodrarusdatmentempublic.com/images/Q6VkwPvhZA6/UI9eXLOjmfMNwA/vcIeCyftDoe_2Fj4jlQ_2/Fa1ZaU7N3_2BDjjq/zhWAO19Hb1NVvQo/vtdGeGk1yRK8t9IhEH/hJsFG5B_2/B3GNlU6y2zy0VqiiRsNm/KGeWSbOKtR2blAfEBZA/Xzp1LX6MFfuCxv/_2B.gif,200,176.8.238.120,348,134,0.033085,"-","Mozilla/4.0 (compatible; MSIE 8.0; Windows NT 6.1)","text/html",User1
15369.592062,http://quodrarusdatmentempublic.com/images/JX0PHDS_2Bas9WctLwwL/XSxwOU0kuj_2Fq0t8IG/0HflSzFmklqU12wXchl7Oh/IHFGtznA6v6WF/vQ6P0Aq_/2FnXoyTg8CNuMXkPoO4Nx8n/M6xdZmIpvl/LfsglxBRvPAVSylL6/F6szHTTVZCC7/NK_2BAf739l/Dsd.gif,200,93.171.19.129,346,134,0.060126,"-","Mozilla/4.0 (compatible; MSIE 8.0; Windows NT 6.1)","text/html",User1
15769.122766,http://quodrarusdatmentempublic.com/images/YhBOOwHLL_2Fw/7zwgPovk/QgwPNZE4lapW9xtqzGp49gq/HPBo1M3tIu/r8y6jB_2FEcZi_2BA/oyEGaPvMjuD4/AgjOaKlejL9/rX_2B9zqk5ZrcE/btFl5F8h3HAaa0FgOLdka/FgRCezXRogdS_2BL/_2BLIWSfSmESM8/fD8.gif,200,93.171.19.129,351,134,0.063503,"-","Mozilla/4.0 (compatible; MSIE 8.0; Windows NT 6.1)","text/html",User1
16169.130182,http://quodrarusdatmentempublic.com/images/SvcYcC05iDM_2F4PKwEtCP/QKPoDmOlRPhAA/lAgl4TOL/Rjkqx9GOb_2FYeuo92fm0Os/wqvR9RZ_2B/5eFj8cVHPpbIHOFA3/1lCvmeV0cbfp/uhY7US_2BMF/fuAGRihnemQltL/RArQwrG_2Fauh7BQaySDq/zwvhjCGV/D.gif,200,93.171.19.129,349,134,0.064024,"-","Mozilla/4.0 (compatible; MSIE 8.0; Windows NT 6.1)","text/html",User1
16569.132350,http://quodrarusdatmentempublic.com/images/J0bge6PYHi7TqwXe/oZ8CeQYl05i_2Ff/5e_2BNHYRYjOM9ZOCs/NxYRSobka/_2BEcGZUyr8dYAJUqpTq/VNyuKlmaEi9_2FH0RMA/JfMOLXrDwWphB9jRWJLASN/nbI0jOSutQ4n3/HqEZf4iI/fSVQSCOah36/5W4vxxI.gif,200,93.171.19.129,346,134,0.066027,"-","Mozilla/4.0 (compatible; MSIE 8.0; Windows NT 6.1)","text/html",User1
16969.138903,http://quodrarusdatmentempublic.com/images/LgFZTDQxmknEGvjXZAu/1br7zHq6wzxK9lBSISBheR/CC4W5kjbjSJT9/pBFlRF8H/bRua0Uf48DX6B8I6_2FoqHv/7eOniKPRSU/V_2FQVCpYtjlsJlTp/Uqhj_2FADFKa/bcrec8ZGPSm/QGGFIFDGs/Fxpz22MKn/HwK.gif,200,93.171.19.129,345,134,0.065476,"-","Mozilla/4.0 (compatible; MSIE 8.0; Windows NT 6.1)","text/html",User1
17369.884632,http://declaremissioprobatum.com/images/QIoJURthW3zg1koMo/ZeYc8iCNl8Oh/n8hUX0DQ6kz/EX76JyfM1Kagix/6sKFp_2BYB_2F37fXPW6c/ePLMcIyT1pduiCuL/6H5nARA4tr_2FPz/RQReDSQYmi5hzfGE3H/ExE9n9Biw/0DQ6W_2FOoQ26diVMMU4/UGUdE.gif,200,176.31.62.77,343,202,0.709507,"-","Mozilla/4.0 (compatible; MSIE 8.0; Windows NT 6.1)","text/html; charset=UTF-8",User1
17769.103093,http://declaremissioprobatum.com/images/MfQ9oN940S_2B9LKY1DAGw/OIi2i_2FoO3Ju/2WGJdPsm/psb4kFLM3VtOFZiHy7KJJy2/OJM6kTy29G/LE24L0V3YiLDL7abH/isRnFskI5TZB/Tcpj0Bl_2FD/lVrsgj_2BQjVrA/AsRpxRBPwJPOPNsp2w3wn/SC_2BjsP/e.gif,200,176.31.62.77,346,202,0.016467,"-","Mozilla/4.0 (compatible; MSIE 8.0; Windows NT 6.1)","text/html; charset=UTF-8",User1
18169.103321,http://declaremissioprobatum.com/images/MaeF3E1t3W2/j9oSv7Hr1stnLA/WQcAxfixO96J_2FWeTpnS/zFzEJ5MvgfHF5THb/Ioj6wPGDXJzG4IH/14ATlQ0okHDBEkD04Z/MJg4bVaxc/h2_2FppivFAr03PP4LV7/4xx67ZnxNmwCO97aZwe/ukm_2FNq6e/bvq.gif,200,176.31.62.77,341,202,0.016480,"-","Mozilla/4.0 (compatible; MSIE 8.0; Windows NT 6.1)","text/html; charset=UTF-8",User1
18569.116102,http://declaremissioprobatum.com/images/36Bf9Jh3c8E2mGoYgXR1gu1/lBf6XCDwUy/gtqfUBuvgUpW_2FlO/ZCuennEEmx5g/samy5kBGQnw/WZbf77NbIEfIU7/7nru_2FrAVRkQWRl3F8lJ/k0py3Ax1P7XjqECR/_2B0T9eMEa3DwO6/f_2F2wIa_/2BSfyrXlH/L6l.gif,200,176.31.62.77,346,202,0.016467,"-","Mozilla/4.0 (compatible; MSIE 8.0; Windows NT 6.1)","text/html; charset=UTF-8",User1
18969.116749,http://declaremissioprobatum.com/images/ej3Ro5qzOVCi4c9jdk8R/psQY3FL18OvSLXGmVyD/_2BM5cdORuLrqq157v24I7/vezJYwI81hrCR/ZmsOIGOP/dbi1QNLT4Kj8_2BGh32Eqsf/3JAejGhBIO/DTUfcN5kASY32Sx1U/jAHIWpsCUqFi/hTFL_2FpoCi/p.gif,200,176.31.62.77,341,202,0.016473,"-","Mozilla/4.0 (compatible; MSIE 8.0; Windows NT 6.1)","text/html; charset=UTF-8",User1
19369.188977,http://declaremissioprobatum.com/images/o5OPNDT9_2Bm4o7zEXym/ihV7SnsvL8CCcFTjHlh/uUEA01Uq1_2FIRlqPUQ0EF/bqU7lcRGD7YCR/LdTtqSCD/YJ8S1q7SkzyciVPRNpduPNS/H8Cnxzedao/M2V0_2FuKRdJm8jmb/lXbc2V7344RK/2l7V0l0JbVW/Z.gif,200,87.98.254.64,341,202,0.016443,"-","Mozilla/4.0 (compatible; MSIE 8.0; Windows NT 6.1)","text/html; charset=UTF-8",User1
19769.123720,http://declaremissioprobatum.com/images/PS92L8gWLhSjtz/BskGyV0iRZ9wgdXKMl2W6/Wf4EaRkTrvhcK7bB/cROJMmsEw_2B7_2/F59Yb1DhXntv1opLdG/3E4jYn1t4/TD7TwO_2BWris_2Fj3Ev/jM6l_2FQjymGrxr88dI/FiPqJPnc8A2B_2FRi2gN6i/nMsrpfBb.gif,200,87.98.254.64,346,202,0.016410,"-","Mozilla/4.0 (compatible; MSIE 8.0; Windows NT 6.1)","text/html; charset=UTF-8",User1
20169.130574,http://declaremissioprobatum.com/images/pteQeCH_2FC/h9eP1c_2FOR2Uh/upKvrRe2N4rOMMtWOnH3r/Gm3AJVyZvC0DW9xJ/xJKWIWNlCzIRwDm/mA_2BqzVUz_2FR51mg/56JcfOTwY/1Cvd_2BZKL8s7bv_2FC7/mg9UlGs_2BXtX3tJIK_/2B_2BN9UbIYVQGQrhlNXGG/4wm.gif,200,87.98.254.64,353,202,0.016537,"-","Mozilla/4.0 (compatible; MSIE 8.0; Windows NT 6.1)","text/html; charset=UTF-8",User1
20569.130459,http://declaremissioprobatum.com/images/W1RcBIvY/H1ZEeLG4SSL6ZGDQWtK8Kn1/wc0Pcz2ygo/HhN_2FOoqSP6rwb_2/Bf3nYQ_2BUa_/2BMAMu9z_2F/XR1zCxfLNxBgvf/gfsBRMy09bPxE0x_2Bk2D/l_2B5zHPsv2O9wdn/3gzH1JEugf_2BWd/E4kTUu83YvPqfESpj/BS.gif,200,87.98.254.64,352,202,0.016278,"-","Mozilla/4.0 (compatible; MSIE 8.0; Windows NT 6.1)","text/html; charset=UTF-8",User1
20969.151494,http://declaremissioprobatum.com/images/Gh2wxl2m/hSmnil2k4DIUw5deRq9_2BU/CK4NgymGJU/_2BHYAU04KBvfUlJE/fBSRxRBJdM_2/BUyc901LR9X/lPNZLkjqnA8p_2/FxDq3K7d8y683IEcvyIqo/otmjZTpe4sg6yD0X/QvOTavEcB4lvgCy/iWizKQH0/Wi3.gif,200,87.98.254.64,344,202,0.016263,"-","Mozilla/4.0 (compatible; MSIE 8.0; Windows NT 6.1)","text/html; charset=UTF-8",User1
21369.209410,http://declaremissioprobatum.com/images/Mo3IvT4GnIw5Jel6f/_2BbcfaMrqcC/k37O4_2FQjp/H_2FI88AHz_2FK/yl_2Bg2bufjv8GhnHzHuQ/Am_2BJVbmSYfoJqp/4eMlGPsi8Qty4xt/MtCYMZ7_2BUNMONtkx/cLu4cFfic/MQFKTbL5tmklIcOT2YxC/fMI3ANA2/rrA.gif,200,176.31.62.77,350,202,0.016427,"-","Mozilla/4.0 (compatible; MSIE 8.0; Windows NT 6.1)","text/html; charset=UTF-8",User1
21769.145916,http://declaremissioprobatum.com/images/HdHzAlRQIuB088d4cVnrxa/XxiiaNhD6UwoO/169m5GfF/xzUgUdi55qKJjvtm_2FP1No/zaeanEqHPo/kXQ_2BkldD2VPgHkj/t59YQrJ5neuI/2zUD7xFcOYC/ygewX_2BuxnUbM/PlgF0njPxSRdLe99nvPyY/Neen9.gif,200,176.31.62.77,341,202,0.016291,"-","Mozilla/4.0 (compatible; MSIE 8.0; Windows NT 6.1)","text/html; charset=UTF-8",User1
22169.151276,http://declaremissioprobatum.com/images/KzZGQkWNsXF/MevI4AxOZ4pbJc/qQ7q5ZWTmZLOSHfm5FuWi/2eRNNasO2UcJ8xS9/G6SEBpOUot9RZ57/rmnthmAKVDEL6tbNY0/23rnLE_2F/61BMy69f_2BQzpjrJwZ8/EcTwk7xEEd_2Fef2hEC/F8KfIy7u/8kKNs.gif,200,176.31.62.77,341,202,0.016206,"-","Mozilla/4.0 (compatible; MSIE 8.0; Windows NT 6.1)","text/html; charset=UTF-8",User1
22569.163992,http://declaremissioprobatum.com/images/GazbSWpVpJB5P5F0/ZaWlMA0G9lM0jYh/ruiimy_2FV_2F_2B2w/zyX23vfeQ/zEQna_2FTLBMOMTrUrmV/q7BeDqC4U6bgYtBWKq_/2BsbKP0wFSaocDMpyDdrea/aEFx5ydLGQAih/ZqsteNWo/3kkvvYbZBq_2FgDZAB7/FcB.gif,200,176.31.62.77,347,202,0.016277,"-","Mozilla/4.0 (compatible; MSIE 8.0; Windows NT 6.1)","text/html; charset=UTF-8",User1
22969.253145,http://vereinfernusscrip.com/images/8orTT1HY6pktIkebUbzwW/PhxTdStk05taFksC/rKfDztsX7tob6_2/Bg_2BwyLytQkaXt7Db/0uafFVqdW/nDN4pY0c_2Fb1MlYDNkF/3dthT6p3qLvwBVCZOKr/g4hOawWaoDAGpt_2BBoKJV/1XEfJZve_2Bc4_2/FyyuKEC.gif,200,176.31.62.78,342,202,0.055716,"-","Mozilla/4.0 (compatible; MSIE 8.0; Windows NT 6.1)","text/html; charset=UTF-8",User1
23369.170774,http://vereinfernusscrip.com/images/v6duP0kt18_2B6xSU/S5GFA6nBOSl6/pp1WAw76IPv/EIuZd4wMQMtmW_/2Fuzh9I_2BsTISgjjFKgm/T_2FhnMWtdDBJSjy/0RIW5jSnAYLPrAC/VBaw12L3kLa_2BOFcP/QL3HF1ZgV/7X3Eck_2BkFh1h1GKdtJ/jUC2A6iv/A.gif,200,176.31.62.78,344,202,0.016509,"-","Mozilla/4.0 (compatible; MSIE 8.0; Windows NT 6.1)","text/html; charset=UTF-8",User1
23769.176993,http://vereinfernusscrip.com/images/bW6bYZ3vatTIO6/Wj69BcZ_2FK5NBd5Fg7le/lhAUEWtGMrsMxq3B/GzRvxRNW0_2BvNU/faN4IMEcU5gQ1JmwMP/jQHBKCRkQ/K7StARRompkeUmBK4cCZ/3t29Vd3UQqID6J9sviq/pgTHjo6iLPbOc_2Bxp7L4K/Dr.gif,200,176.31.62.78,336,202,0.016492,"-","Mozilla/4.0 (compatible; MSIE 8.0; Windows NT 6.1)","text/html; charset=UTF-8",User1
24169.183328,http://vereinfernusscrip.com/images/cuAf54WhWo53YRlOCk/XCQSm6Wq5/wDkHnGMiop9oeOZnoYgc/QsuqiAWu2bUadcq3Myx/VQWwkJ4mbjh3JlDwTbWqWP/uOg1RIb2exqu3/z8_2FWQ6/LfWFnVHLmUBMepNTSWz3gYV/s6w0KZLK_2/Fw69kNk7V/uub.gif,200,176.31.62.78,335,202,0.016336,"-","Mozilla/4.0 (compatible; MSIE 8.0; Windows NT 6.1)","text/html; charset=UTF-8",User1
24569.190985,http://vereinfernusscrip.com/images/SFdB58SPJ_2BmaUEaDXlK/2xiUf9I1szkL_2Fp/_2FeiLNGg0bDufH/yngLi0zoibDX_2FDna/p0KGbkhiU/g4dF4BRvw6XyYr9wpuSu/oHSeDscP_2BUu_2FoyU/XHGlXldmnjEUvvJP2hD_2F/5fXeVPx8yvcFw/FomRTOoi6/3I.gif,200,176.31.62.78,345,202,0.016459,"-","Mozilla/4.0 (compatible; MSIE 8.0; Windows NT 6.1)","text/html; charset=UTF-8",User1
24969.232952,http://vereinfernusscrip.com/images/9z1JH_2B_2FvabrCr0VWZ/p2_2BdmB3ty1jrNw/Trq9DYXjrNJPh4y/vJLuXY5u_2BERNFI_2/FTRfwjERt/Xy5HP59B2Y89l3GyW89i/51QSd8B16NzmZ12rW3l/SoqpCp5dBmxQYHkWhzO_2F/RM5pMnWv4clJIGrsF1R/haF.gif,200,176.31.62.78,342,202,0.016322,"-","Mozilla/4.0 (compatible; MSIE 8.0; Windows NT 6.1)","text/html; charset=UTF-8",User1
25369.197463,http://vereinfernusscrip.com/images/BMNUjFXttHGuRsfO3S/izau0tRUF/g6xwgH1H2Ba9fX3pn6ca/48J915iRGcrr5aN_2FN/6MnFhGzDkmm1Sz8hBGDUWU/_2Fd2zXAlhLvo/Wz0hZQlF/K_2FpCt2sOiIP0DipP0N7zo/PFjJwJsceu/e8TYYt0am/yDY6S.gif,200,176.31.62.78,337,202,0.016492,"-","Mozilla/4.0 (compatible; MSIE 8.0; Windows NT 6.1)","text/html; charset=UTF-8",User1
25769.204338,http://vereinfernusscrip.com/images/bFvSnHUDeDzGL17BkPd5Lp/XoF8olJZLpgYM/ukfkSrf_/2FHO5o_2BQ3icZ2knV7aUGz/96vHMRgXT_/2F4TnuqRuAbB8L_2F/Zp7wqdfxe5qW/OpCQUYNn45q/7JxoHgb5_2BxHk/AYkFaUylaTdbdUhBlm5d8/uGnjA6hi/w.gif,200,176.31.62.78,342,202,0.016589,"-","Mozilla/4.0 (compatible; MSIE 8.0; Windows NT 6.1)","text/html; charset=UTF-8",User1
26169.210903,http://vereinfernusscrip.com/images/MaLdsY9rENZwSW4GIaaJ/h_2B_2BVv3HTkOgPDUf/PxtGQa00dm9sM5ITEi2m1a/IEICWOAvJsjWw/kHuQhE7F/QCSytoHwCEYmBRlU9k2I8cG/b7ruWgrCDj/PubReNWUrWJ1pwUAk/_2FxezL1_2F8/jzdXgs0_2Fu/MWxYM.gif,200,176.31.62.78,341,202,0.016455,"-","Mozilla/4.0 (compatible; MSIE 8.0; Windows NT 6.1)","text/html; charset=UTF-8",User1
26569.210740,http://vereinfernusscrip.com/images/vtnHlVKCqePmG/O2v8vMjL/mslvvXHkLAo9RYf3RM7tiYL/gUnjicO6Xj/qh_2FfDocRm3kCII1/rsSpS5Rd5CrJ/fGuMWdIOHZ0/gbXEbS1jqwiuge/iSLbMBZsawBOQ1RVflhVk/hSum1I0exIA0pHst6n/XWU5X.gif,200,176.31.62.78,333,202,0.016504,"-","Mozilla/4.0 (compatible; MSIE 8.0; Windows NT 6.1)","text/html; charset=UTF-8",User1
26969.665454,http://vereinfernusscrip.com/images/7aSuoys2oxPWIcG2Jka1Kb/9rxAtg2maw4PU/f_2FLTNO/TTUxnU4nCw34J_2Fh3i1HrU/0FhjGbVHxe/9Y_2Bj1SJEEh3QyhJ/wxSqzK9qTj2h/crYI8n9alOP/RUGbmDinZUbY7I/E3V8cxGFMjqGLJoz9mjxa/tEt8t.gif,200,151.80.78.61,337,202,0.421918,"-","Mozilla/4.0 (compatible; MSIE 8.0; Windows NT 6.1)","text/html; charset=UTF-8",User1
27369.224317,http://vereinfernusscrip.com/images/y8Jh8eRauo/4ZZyT517VxxbFzbq8/ivnPIBjGZWq1/iawGSGlfHqo/GVgGPLr_2Br8Ju/U0kyIVEDPQ_2Foq5fFndv/JGukUxkR3unEp1Cx/o0XLztHNaz95UgF/sLrnWyyum_2B0AgQad/2lIflrUZZ/tmlbMfY7_/2FCCY_2F.gif,200,151.80.78.61,342,202,0.016434,"-","Mozilla/4.0 (compatible; MSIE 8.0; Windows NT 6.1)","text/html; charset=UTF-8",User1
27769.230668,http://vereinfernusscrip.com/images/cNW1GTdDgE_2FLY/uHlG_2Bnwro2_2F2cS/onLcJkTNr/tyWXiyP9ophE940MX6a2/c80odozEI03qIn1CkKT/e_2BiusmojWTcX_2BweODA/Nec_2F68MthWl/WjqNNc_2/B8oVgT70WIShwFDM7NaM3sh/AcvnExzMxnNc/0ztNU.gif,200,151.80.78.61,345,202,0.016260,"-","Mozilla/4.0 (compatible; MSIE 8.0; Windows NT 6.1)","text/html; charset=UTF-8",User1
28969.894986,http://propterstudiopausudandis.com/images/_2FhCWEvqHvnbQeMYAvcS5/9rRgH3JOwS7n2/PLyRRB1l/0gZAnOCFnUZFANBZxEZ3V8d/63Ki_2Fory/U8tTUoFnjGcAhN7Ex/pRbm_2Bwyv_2/F7RoHY4KEBL/xjvT9eML_2BsYR/ROyZrpp2Cwn0wBKLYSyvG/_2FJ2zVM/3tl.gif,200,151.80.78.61,351,202,0.605397,"-","Mozilla/4.0 (compatible; MSIE 8.0; Windows NT 6.1)","text/html; charset=UTF-8",User1
29369.251237,http://propterstudiopausudandis.com/images/Li0tIuSHIJnNrcFvn_2FEPL/hgWyVOtBLu/4Vgod7mmV_2FNZHWd/Ta6xgJ3_2BcZ/eoSATRQh_2F/GXyKm_2FFa62nr/OEDih8QW7q3ptMxF7tQO0/HjAPKOvsMBGq7ByP/VSWfbS7J7iiIRJ5/H_2BhV31B6QgTKdj/JDjv88D.gif,200,151.80.78.61,350,202,0.016263,"-","Mozilla/4.0 (compatible; MSIE 8.0; Windows NT 6.1)","text/html; charset=UTF-8",User1
29769.252326,http://propterstudiopausudandis.com/images/6BENKk96CLEHIUxV1ji2Ks/ruf5iHi9QGb17/Mg9uXMjc/PVevfZUT3r_2FHZ2Oi6V5_2/FurDt_2F6u/3R0LdVJNJFd_2BeV3/iHiAdGD_2FYl/FVysk27fMxj/D6fWZzmMChxH13/gNHX74kQQNrG1RfrHwZFv/6y0Egknv/A.gif,200,151.80.78.61,349,202,0.016496,"-","Mozilla/4.0 (compatible; MSIE 8.0; Windows NT 6.1)","text/html; charset=UTF-8",User1
30169.258194,http://propterstudiopausudandis.com/images/iCM65zJ9rmSieKT5kj_2/BGY4n4GP9_2Bc4kaNOT/JToHnMc7387LAJ21ViRuZQ/ogs3c5h_2B16g/jqjn_2FR/OMzabdRXN7p7Q3aouDyapJu/3Gs_2FF7UM/TxXNhPsPR1EUtJrY7/pfT2XWDm_2FU/ccBxc88ggNydBJAcn/J.gif,200,151.80.78.61,350,202,0.016366,"-","Mozilla/4.0 (compatible; MSIE 8.0; Windows NT 6.1)","text/html; charset=UTF-8",User1
30569.264973,http://propterstudiopausudandis.com/images/T1jPHttTWimgdF/RSATMrXy_2FSWZaxpKdCt/g7OK5YW_2B7TVCNZ/PQXeYHhgrHsBRpM/gH4Gjr4B_2B8tJIvDc/PwwTF1uR4/c1gLdOqTUJkixhtYZSMw/L4uW9YxrlUJ2zCqVp4O/MNf1kpvCpcnPGz1V8VR5OY/NJ.gif,200,151.80.78.61,343,202,0.016498,"-","Mozilla/4.0 (compatible; MSIE 8.0; Windows NT 6.1)","text/html; charset=UTF-8",User1
30969.413498,http://propterstudiopausudandis.com/images/5edeVGWeIw3/J5MlrjXbE9nhFu/yoWg8pvzgP4QdYqbR59Fy/cpJ0pCSoFQB4KhxK/7B_2B8Hx1DiLHh8/tw5vYM_2BFf66CW2gF/4do2F7JSY/yyhZFWgW3Omh6uRnnXSz/MaXlB3XP3OhvhakorST/5meO04z3/54D.gif,200,87.98.254.64,342,202,0.016405,"-","Mozilla/4.0 (compatible; MSIE 8.0; Windows NT 6.1)","text/html; charset=UTF-8",User1
31369.281922,http://propterstudiopausudandis.com/images/ICeP99Ceyq3MObH/KWRsoqGAw6FHMG_2Bf/TnyKj_2B3/qRMFnWbL9MJYxKBu0fXH/X_2FG708o1XNLR2w6ek/v8oklvTNP0MYWWlSPzPVwm/JiFeGAuDYugkt/9fBvr5Zk/Uunvt06_2FHr_2FGrqnB_2F/OTnRz38b/ORxE57R.gif,200,87.98.254.64,350,202,0.016352,"-","Mozilla/4.0 (compatible; MSIE 8.0; Windows NT 6.1)","text/html; charset=UTF-8",User1
31769.278657,http://propterstudiopausudandis.com/images/QlpmCcHt/ROEs0cslkAYD2k6zaryPv1R/odnv2ElseN/6fHdcGXmt7c01ZSLV/c3kCyf855fLz/rSB1CQpmQeJ/1QnslVBaImr4l6/L3XD6ht6052fOt11D4XAi/ApNG4C1UKsIk90nR/gsw9fOQlhrS_2FbDf3m/D.gif,200,87.98.254.64,340,202,0.016477,"-","Mozilla/4.0 (compatible; MSIE 8.0; Windows NT 6.1)","text/html; charset=UTF-8",User1
32169.285544,http://propterstudiopausudandis.com/images/7mSq6Ot75dsTQ0l0_/2B4uF_2Bnm2z/lisasrZ6C9Y/WKLgxdv2ZTCDrp/YEEyeJHdKDY1tAojZP_2B/HrPvNod1GCtTjgf2/7NgaFN2adjhyqtl/UW2HeNum8TPCxhN4gS/j4NhU_2Bj/FS4rUd03bABDZ27PJi_2/BEIcMvI.gif,200,87.98.254.64,348,202,0.016479,"-","Mozilla/4.0 (compatible; MSIE 8.0; Windows NT 6.1)","text/html; charset=UTF-8",User1
32569.291442,http://propterstudiopausudandis.com/images/KRaUfVayL9xtF2T9p4hp_/2FQT0peG26Jhb2pn/JEJAzsnhGPppARL/rRTrAMo2qXDg_2FkMB/iuibi1VTz/G3NvsYU2QyP3ubRKXNnI/R9tYw6AmHa3mMZvcrFX/axvJ31DB_2BWwJn2MBNhpx/Jqlm8xYBmlk52/w_2B5.gif,200,87.98.254.64,345,202,0.016314,"-","Mozilla/4.0 (compatible; MSIE 8.0; Windows NT 6.1)","text/html; charset=UTF-8",User1
32969.357147,http://propterstudiopausudandis.com/images/MwvoN8J7fku8_2FPy/RiN6JiE2vlwl/Q1oGSENiAey/XwB12o4ToTB0yC/t5Y57v75GYpi_2Fbgq3_2/F3cdgPBTY5n_2FZp/29vslizohd_2Bb7/TIGsjLAK40xycF09sD/9mRCcxdCh/m_2F4AddmmX2b0HTivoI/dGCFo9uT/I.gif,200,151.80.78.61,351,202,0.016469,"-","Mozilla/4.0 (compatible; MSIE 8.0; Windows NT 6.1)","text/html; charset=UTF-8",User1
33369.298791,http://propterstudiopausudandis.com/images/HH5FpDsNpJMws1g_/2F_2B3Ac1082Eoi/5_2BjouX_2BZoLj5mw/xB3R1cavz/K7knvX4bKkJTeUKGWarU/paGCvk7TjeRnNMjzZau/2mjj7wYu1P2afmLkrMweub/F6bgzXx8j66vb/TDIS2e_2/By2nGOX6XeOh6DH/25ngW.gif,200,151.80.78.61,348,202,0.016359,"-","Mozilla/4.0 (compatible; MSIE 8.0; Windows NT 6.1)","text/html; charset=UTF-8",User1
33769.368534,http://luttantummodointe.com/images/aBAWLo0E/VGeEgD_2Bcq5iVvBjLc_2FS/VUC_2BcvFP/dYQ_2BTHdyuJJL8P7/4CgdpFDqlTbS/dKKbrTGAOPV/ssI8xNNcwm3HZV/raaS1bf1HfDJVpMxs_2F9/VqSHwY9rSXZ4S8Sp/EU7ynLmufH0tgQv/FZRUWSj1e/JCWe.gif,200,176.31.62.78,342,202,0.016693,"-","Mozilla/4.0 (compatible; MSIE 8.0; Windows NT 6.1)","text/html; charset=UTF-8",User1
34169.311937,http://luttantummodointe.com/images/iEL28N5OXG71G6g/FuMJ0Cr8XOqrmV0EeW/jNeeKPGju/gLiyHcKuFhF1na2kwgu0/_2FR98ZjELEq2K_2FKT/d4HbSLg2BIIdPndGB6eCb_/2FidV_2F9VfZa/_2F2J468/ujR9I9ZsX3MDwyEQOXZr_2F/wfHdZ4APl/m2DOt2.gif,200,176.31.62.78,343,202,0.016317,"-","Mozilla/4.0 (compatible; MSIE 8.0; Windows NT 6.1)","text/html; charset=UTF-8",User1
34569.312767,http://luttantummodointe.com/images/nSzCno6L5C/UxwD2YBh5LQhZsbGQ/fu7nK42Z_2BJ/hdWPR_2Bz2Y/2rWq5q_2FWgZD3/1rOjjEKt4yM9_2FGUkArW/8RYtigglQ8HgeMIr/4d8_2BvYPCoowKM/s4gIQrB5uv081g1crG/m98_2B_2B/7uRvgkZPyPaK4PJuED/EZE.gif,200,176.31.62.78,346,202,0.016583,"-","Mozilla/4.0 (compatible; MSIE 8.0; Windows NT 6.1)","text/html; charset=UTF-8",User1
34969.318681,http://luttantummodointe.com/images/pwMPavBR1OFFjmDCy/JTyteNRqQAHX/AQ6Ps7DhhLe/gqCf4kFDJdHXAY/QR_2FyM_2FW4gPbmeNl_2/F1Z9PAUbEHPkcOy1/P3UuwVDLfauLr_2/FbLjFMGJ9Q5En5Ck_2/B6FeUtLyU/DXvHw1P7O_2Fdqo_2Foi/s6ALiCoK5w/4.gif,200,176.31.62.78,346,202,0.016401,"-","Mozilla/4.0 (compatible; MSIE 8.0; Windows NT 6.1)","text/html; charset=UTF-8",User1
35369.325679,http://luttantummodointe.com/images/bOwaUD_2Feq79tzdGLh05Y/c0QYjYx7hYcgs/5TbrRtLP/UVMHv3yBGylQQgVhpzywQi5/zoVgW_2B5C/1ELcm369fKgb_2F3c/lY8C1_2BgssC/4WUc8rFiKR_/2FakI2Y7ILa0_2/Bo2qc9nDLVtaFT1n5vNFM/sIS6ckYpv/B4.gif,200,176.31.62.78,344,202,0.016553,"-","Mozilla/4.0 (compatible; MSIE 8.0; Windows NT 6.1)","text/html; charset=UTF-8",User1
35769.526683,http://luttantummodointe.com/images/jI46RUzyRC5T_2Be0MbSq/urJRXIHsWxEfcXDV/_2B2nF4TJV26CBv/A4otx0T56fHZcIymYP/_2F0_2Bbc/mzcFJf90XQEziLrdmAsg/Zv7dGrJ0d_2BEnvCutx/IdtaUYy3fHtasvBLKStq_2/BlZVOGhmxfQr2/_2Bh2Qn7/Iin.gif,200,176.31.62.78,345,202,0.016547,"-","Mozilla/4.0 (compatible; MSIE 8.0; Windows NT 6.1)","text/html; charset=UTF-8",User1
36169.338342,http://luttantummodointe.com/images/l0FBWlGqTjkyybLW0e/tlMkRR3SQ/QflGKpxQ1miHhISpUssI/jRt4DY4K8P6bqfGvSXe/Gjf9W_2FpJ4fOaV1W_2FvH/BTSusxmBRheh0/FInP8ZtX/yN_2Filk3u_2Bglk0Dkznup/ILKGDmfFiJ/ROi3KdZ_2FI6M/bNHnr.gif,200,176.31.62.78,341,202,0.016331,"-","Mozilla/4.0 (compatible; MSIE 8.0; Windows NT 6.1)","text/html; charset=UTF-8",User1
36569.339172,http://luttantummodointe.com/images/alBANMCqBuOioNv/cF_2F1JebxE2Z3_2Fg/sgxkK8ava/zVQEBN8hCf9TOSbDaVRj/d6Pgroa6_2F_2FpdwPI/Z45tbwY1oKy6abGMHmdB1P/c3ttNiRLo3swu/4ylpdTtX/R8aRuVzDs_2BW2_2BnOMtWC/ERm_2BeZ1vj/4c0WBs.gif,200,176.31.62.78,345,202,0.016567,"-","Mozilla/4.0 (compatible; MSIE 8.0; Windows NT 6.1)","text/html; charset=UTF-8",User1
36969.351274,http://luttantummodointe.com/images/CGHISrTEZQq/XRnAXIDfleboBb/V_2BomuS_2B6Na85Ww4jA/1zbrLYYuO7doKHWB/Fu_2F7rZ8liUv9h/JO3YtirS09ZeK_2Bn7/w32cwrHEq/0hZwV_2F3209kkOgmbog/XPaQsYDLsyL_2BmHSo8/ZmK9vFKnTp9_2B9bW/3SwG.gif,200,176.31.62.78,345,202,0.016542,"-","Mozilla/4.0 (compatible; MSIE 8.0; Windows NT 6.1)","text/html; charset=UTF-8",User1
37369.352572,http://luttantummodointe.com/images/TU9xzCzV1v5FPJAic26/oZTejlcNvpIXjQFFWDmk3G/Kw2cQ8jzzhoSa/buiZe9C_/2FvgfiPeTRx00A2M3IYPDeC/nYvf9vc5T8/0QhiMzpN_2F0hx6NM/7KMUrPT019NI/QOO6m4PBl_2/FUgRzdYyIqhE_2F1JoAd35/A.gif,200,176.31.62.78,339,202,0.016469,"-","Mozilla/4.0 (compatible; MSIE 8.0; Windows NT 6.1)","text/html; charset=UTF-8",User1
37769.429001,http://luttantummodointe.com/images/sddjs9n3xtzEgSdGOcep1/x4L7l3qmiLuqrxXf/q_2BnPUmQapHgj4/EOAxkJgXu_2FH4Ev5a/nJh59cCln/EijfIO056dCc2HOuBAKx/E5kI_2FqVgYDTtvziay/3GnGqnQPcsGMMPhmoKGoU_/2FsVwlxMxY8/DhrIit7.gif,200,87.98.254.64,338,202,0.016412,"-","Mozilla/4.0 (compatible; MSIE 8.0; Windows NT 6.1)","text/html; charset=UTF-8",User1
38169.359167,http://luttantummodointe.com/images/MQP_2F3wC1/XjsbeW_2FWWZwhc8K/i_2FUSatKIOw/zFTX_2Bnzao/0oI7abm0eUnnuy/z_2Fmh28K1AnAlnCwKBZJ/BaCBLq4mQlQujFxR/gedAdm9pDq9Y0IP/Ri76nBKvnJVLjyNfvz/yS96YwbMf/UvH_2Fpj/y2ME_2Fm/BPnYx.gif,200,87.98.254.64,347,202,0.016414,"-","Mozilla/4.0 (compatible; MSIE 8.0; Windows NT 6.1)","text/html; charset=UTF-8",User1
38569.371693,http://luttantummodointe.com/images/UA7DUQsng99637kJULc4y/5fUrMC7pxctICv2D/LJoWCd7ygin3fa_/2FjC_2BpPVA8_2BiL6/sks7ordA1/lUR4kwvI_2F6Feb_2Fsh/Wigz7Sh6PqLxy0Uwh8m/28ZgcwAAs49qybnLbH3m0f/BA_2B9GpPzO_2/FDLT4cj2ur/T.gif,200,87.98.254.64,345,202,0.016394,"-","Mozilla/4.0 (compatible; MSIE 8.0; Windows NT 6.1)","text/html; charset=UTF-8",User1
40169.616971,http://prefaceamachristivocife.com/images/KWtFpmL0sODcBDEu20/RYTHa0_2F/_2F8rIz_2FVhNFYsG21e/52vsfC_2BB4P4iQm17o/KJcicU3i_2B2FlGphC2sUM/SoZxOrRG8_2FM/quvEiPM4/lkmUDgxvoGzeBBvRpaMqEu1/vmZ2Hvf7E2/roZV9Wu0DCaWG_2/BOEJ6sE.gif,200,193.34.60.15,351,275,0.044401,"-","Mozilla/4.0 (compatible; MSIE 8.0; Windows NT 6.1)","application/octet-stream",User1
40170.118315,http://redimcanonesnonsaltemnet.com/1001z.bin,200,193.34.60.15,176,427390,0.041958,"-","Mozilla/4.0 (compatible; MSIE 8.0; Windows NT 6.1)","application/octet-stream",User1
40569.430820,http://prefaceamachristivocife.com/images/y449er2E64ATv6jlZzlRQ/KY3HnTMYejgUqsRV/MQ_2BSygTWiUXQr/qUNTPRwfOFxP5iHXwS/GzCyG_2BF/anapIoPxkBoCm2z8yMhC/2fp9FmOM0lrv4Vgf_2F/1ZiadJKFah8XRHFa9xLe25/Mm8cLS3739g5q/vjp.gif,200,193.34.60.15,400,134,0.042079,"-","Mozilla/4.0 (compatible; MSIE 8.0; Windows NT 6.1)","text/html",User1
40969.431221,http://prefaceamachristivocife.com/images/SibULI7H3bb3/Dn0X_2Bc3ud/ZPv5Dui73bBoU4/ZGWc1x9kBt3qNuolVmjeT/r73Bf4pGTowZxajj/csJLqBos_2Bw8_2/Bc_2F9OQYWFsZ8XgZ0/s4pYuuhrd/Q0RNpb9FzqOcDTQLM_2F/QB4qIW2IO_2BkKqwm_2/FMHfYts0/o.gif,200,193.34.60.15,352,134,0.043788,"-","Mozilla/4.0 (compatible; MSIE 8.0; Windows NT 6.1)","text/html",User1
41369.437996,http://prefaceamachristivocife.com/images/MQv60Qg7d/rLkH5I9k4_2FaRI7B1hE/Xdz1AS4CDVZSfd_2FP_/2BBtBHDFP40VGRFZu_2B51/OsESrZVipYCRS/0bsToEV5/sqoVbitzY3EocmThnDFK4BW/m9xyiJlkxM/lxTKIKaEIRvPWCn9O/mLy_2BW_2B8UF_2BAgLYV/Vr.gif,200,193.34.60.15,351,134,0.043639,"-","Mozilla/4.0 (compatible; MSIE 8.0; Windows NT 6.1)","text/html",User1
41769.442907,http://prefaceamachristivocife.com/images/ycIMSb8vEe7T8rIh1QKB/1nqvxMOQCktP13_2FXF/DR6LwZrHZtibMDnWIYhEvI/C3qHHDW8aMXiy/8Fyr2eRa/AAwf4r7yLTqXVF_2Fquz_2B/2c2dCtI2ch/8wFKDSWUsrY5fzD61/an67gDfQfTJN/v2FRjbiD8OL/j.gif,200,193.34.60.15,343,134,0.041885,"-","Mozilla/4.0 (compatible; MSIE 8.0; Windows NT 6.1)","text/html",User1
42169.732441,http://prefaceamachristivocife.com/images/WMU0fQLCGZI6Drh/OEmLS_2B5Mo1E1gpB6/G66LYkel_/2B_2Bk0Zp0xgck88arRP/OX2rR8vN1_2BXbHJsm9/AebxnkGEn_2FinSRrn0c6O/h_2BtG6f3pFW5/5qNvw8Gy/MEUN_2BJToXyCnZWiA4qGul/wa9V51c9D/du9rDNsL.gif,200,31.128.104.215,351,134,0.059059,"-","Mozilla/4.0 (compatible; MSIE 8.0; Windows NT 6.1)","text/html",User1
42569.475188,http://prefaceamachristivocife.com/images/BWtCGSsj/W9yuB8LmQf4igc_2B55mIRj/lcozEJHUIM/5oD_2Fw_2FIEufCrK/7LHrk2hs43Qz/9HAj1CSl0XF/SvBdAsay0HCF_2/F_2FLNY2xXXylMAtNPrrX/8agmPMHmAWZp3CQ2/_2B28olcvxR545_/2F18_2BaO_/2BIHydRU/yAR.gif,200,31.128.104.215,357,134,0.060091,"-","Mozilla/4.0 (compatible; MSIE 8.0; Windows NT 6.1)","text/html",User1
42990.468154,http://prefaceamachristivocife.com/images/W4PbVuLF78x1_2FHaxPkhjX/qMypCW_2B2/030Bk29IXZWXXmV_2/BJ0_2FNfAH_2/FOcGz08WRzB/WGyAAmxqgZAXE_/2FyXymljHEofmec6Y9OPt/PjEaPjr63CIy_2B2/vftCqoGJSt6Q8gV/Ff1LlUBS_2Bi_2B3f_/2F_2BwN5CTNQ/kZt.gif,200,213.111.186.148,360,134,0.056128,"-","Mozilla/4.0 (compatible; MSIE 8.0; Windows NT 6.1)","text/html",User1
43390.480935,http://prefaceamachristivocife.com/images/7VpLGDO3y/Xf8SfB1dEJBITXPBLSUw/jc1EeiBBpJzRueLXugc/rbfsGgFjvuhtc9QvhEb7Mc/8UajJMXew8H2i/AfiCVnE7/Z_2BLyfyxRBYwOXM1DE9BKS/5v2oiSAMZo/P1vGGdC3TbWyd66_2/F6dsFK_2Fp3C/cUX.gif,200,213.111.186.148,343,134,0.053639,"-","Mozilla/4.0 (compatible; MSIE 8.0; Windows NT 6.1)","text/html",User1
43790.475558,http://prefaceamachristivocife.com/images/oiOxLpalM00lZsgpt/DDvcsCFIl0f2/fALwv6pS4lF/4M5mFQA56oEn_2/BEBT0VDBINaD6ihlXEFuH/SPOPyqU6gg_2Bbf0/fgvd5PDUF1V38fw/YiSbGo9Sk3OeKT0GCW/x1jhACsdl/rWFplk2fXRu64I/SfPiwq_2/F.gif,200,213.111.186.148,344,134,0.053163,"-","Mozilla/4.0 (compatible; MSIE 8.0; Windows NT 6.1)","text/html",User1
44169.711963,http://prefaceamachristivocife.com/images/5W8DKyMz3ZjTX/4ng2U8Pp/CY7UFhaviuKH0fqp0A3oAXB/w2dFrnrX9d/wCoDBl7mlvDsX0pam/ooboRRwS3_2B/zc7fIjBz5ul/iWupNmj5alf_2B/75_2Fvzl99T373Jexpnp4/7JegPJtZw0yOMtxG/PyTfiO_2Bw1s/O.gif,200,5.248.60.97,346,134,0.057697,"-","Mozilla/4.0 (compatible; MSIE 8.0; Windows NT 6.1)","text/html",User1
44569.491230,http://prefaceamachristivocife.com/images/fYRRSAxb/hm_2FldkYMW3klxUyWkOIgo/_2BPiYEyrr/WDQj8f63aI5eP7_2B/QLI0Ogz2XCy5/aoHgPS2URjx/G1AAxw2FSpZowy/mYSnWeh4nhQjVreUHhX_2/FOOrZazGG0NtrENP/J35nfHfqHG0Vbi5/rLu6G1pUQ_/2Bp.gif,200,5.248.60.97,348,134,0.055791,"-","Mozilla/4.0 (compatible; MSIE 8.0; Windows NT 6.1)","text/html",User1
44990.521908,http://prefaceamachristivocife.com/images/RZk7Jy7r96zhvyh/uNMxQwnL4leyL_2FGn/2LkmxRKzW/OBCYl2gHmrmfQ4mUxKnY/MNcZJ7TN_2B24cL1Q3t/o3fUr22hPZi8o97FxMpiuc/PnVwCY9hYhZPj/CZS6mx4o/g3Nm03afGlcwN_2FMSVQpST/FqIekTO_/2BU.gif,200,37.25.109.92,345,134,0.064605,"-","Mozilla/4.0 (compatible; MSIE 8.0; Windows NT 6.1)","text/html",User1
45390.509303,http://prefaceamachristivocife.com/images/OmhMfWe0kI/PQ5m85dhkZX6Pi1SD/RYf2r01dIukO/JK5WIcf7qK4/8wOYSEjsMCfRi2/oVEY1YdFuVPxqzJCX08Lv/wowXQizpYhIJH8KD/vDKdJ_2BwL8FQYe/8YOC7LH1aWMGysCywi/arE4wjRFnlk_2/Bd7fF9r.gif,200,37.25.109.92,341,134,0.066665,"-","Mozilla/4.0 (compatible; MSIE 8.0; Windows NT 6.1)","text/html",User1
45769.806265,http://siclaicorumunis.com/images/IRVjoypGl2QX7_2BCbXeOy/C0_2BJrhyKkIO/ul8EYFUg/0u09sfHlE4dySN6aZmVCtjR/i_2BwMotkM/KffIvpkeyJoryr_2B/Xq4WU6mSR4IM/fiP3xFjPWXC/44r6Xe0GFoz966/WGEHDbDoo9rW0CRPDwpiU/_2BEQ_2FA/mw.gif,200,109.254.37.12,342,134,0.065408,"-","Mozilla/4.0 (compatible; MSIE 8.0; Windows NT 6.1)","text/html",User1
46169.524484,http://siclaicorumunis.com/images/6Hf1BVcHbSKcu_2BVA81IE/HH_2Flse1bfqL/nJ1qReB6/7h8n74srPXGlHDso0cbbpbs/Uoltl236Nf/GQAc5bZR2lqJbhywo/X3IKXmCDclc6/hPtHPGnAHC_/2Bpi56kkAQZRW5/99fRkLjp_2BDnU7Xw19sy/I5xGKfx.gif,200,109.254.37.12,337,134,0.068766,"-","Mozilla/4.0 (compatible; MSIE 8.0; Windows NT 6.1)","text/html",User1
46569.529523,http://siclaicorumunis.com/images/BTcUBeAj/2xgJO8S06i31tBaR0QG_2BF/SDSOQ64f0K/mxUe2Ks8Ha_2Fa0UY/hzxjCOPi8h68/_2BZvucFWOO/OSySspOJfTsN5M/aivEyp8eI8iiuXLQBVIu_/2FPPhhNhnTmA2uUb/_2BUWxJidSqN6wh/Lqy_2F2gud7C/BN7.gif,200,109.254.37.12,342,134,0.067863,"-","Mozilla/4.0 (compatible; MSIE 8.0; Windows NT 6.1)","text/html",User1
46969.534364,http://siclaicorumunis.com/images/5_2FezU2v3ivKEn_2/BuP1HBLbzhND/B6BwObfrDyW/f9QzeoLPT6wPkh/jYZzcIe57IetMuiNpWnw7/XooNci6WLHg_2BSP/vSbNjTrDIilJovb/4BoECdEloVk0AtzgoP/H_2Fi1Esk/Ehq_2BBnARHCxgA48oeB/kzkol9U.gif,200,109.254.37.12,339,134,0.066115,"-","Mozilla/4.0 (compatible; MSIE 8.0; Windows NT 6.1)","text/html",User1
47369.544893,http://siclaicorumunis.com/images/Bvrw1Gu3/v6bgv6lyTQtgtB2FWqyZSlh/clHbszr7nD/WJrK4_2BlMEgZwtha/DkvDKNSB1nnI/NjJ1ZArzgcH/apPGqXdoM11I5y/KyEvq0UJ5YSBDDNDi5ASQ/Qts8GB7stTCEj6Hv/YxXVENnPNxH/k6HXrsls/L.gif,200,109.254.37.12,332,134,0.069677,"-","Mozilla/4.0 (compatible; MSIE 8.0; Windows NT 6.1)","text/html",User1
47769.811856,http://siclaicorumunis.com/images/1WWLcaj7EVlGC94ZhV6/UzffRmtamJaz7ZnoaiMZ9h/4SIG39OQC0PlI/U7FDZ9KD/sxGwTE7DTal4hBZ2b5PI0W0/XaOKZ_2B_2/BPb66N9VL_2BQVKdO/fE13b3nnOa1o/U7BhS4gADYk/NS0_2FHRTry0/JSxJi9rKR/Y7.gif,200,77.122.205.79,338,134,0.059156,"-","Mozilla/4.0 (compatible; MSIE 8.0; Windows NT 6.1)","text/html",User1
48169.542013,http://siclaicorumunis.com/images/hrdvtLRiK/3qkypNq7UIG7Dp0gckCP/mtDposnAEvC8v3zEDUc/WhzF6070ebSrBcBexx8n41/i41SmRrWFxgT6/OziQ7I2A/WHrUzJjhm4jJK43gmbgY_2F/ovVMwjufn5/3N_2BP8SHsY9bbnJf/GVwIn_2Fqcu0/u3_2B.gif,200,77.122.205.79,337,134,0.059824,"-","Mozilla/4.0 (compatible; MSIE 8.0; Windows NT 6.1)","text/html",User1
48569.548002,http://siclaicorumunis.com/images/YFs1W1S6rm_/2FTX80xLhldCCa/GbEnjFgaZlq7Niy_2F52U/zUdbg_2BbUZvQ1Lh/rXJ3Kyj5XbMS2qf/BK2JDHEML840HEqkFG/_2F2oOL1w/mQ7PHRc6YYiUSdW7fzlf/pIbK7IpqI_2FITXuIG4/H0qLVJLMn_2Byg/jwSqT.gif,200,77.122.205.79,341,134,0.059357,"-","Mozilla/4.0 (compatible; MSIE 8.0; Windows NT 6.1)","text/html",User1
48969.555485,http://siclaicorumunis.com/images/3P7I5cl_2B/ftPF350wJOdZjSJAC/YVAJweuqlliA/tChrm3ME4Or/xSbvV729B88Pdy/9jYfcSbaFgltJ8qveKLme/HH0P03qcAFJaJmqU/Lr_2B58iHaS5mwG/_2B_2BO37ZO819vHs3/9ok1PCq9r/KHm4MXoiaN6l/LGK.gif,200,77.122.205.79,338,134,0.060022,"-","Mozilla/4.0 (compatible; MSIE 8.0; Windows NT 6.1)","text/html",User1
49369.580260,http://siclaicorumunis.com/images/jebfzK_2Bk6yLUlKWgsba/Mdm9EmkZ9Ho6KAze/O8aiPTwOq2sGW_2/FtkBOP97EI2QtVfbI4/KIYzdgbMQ/DDyWbGxl7GL0snMTSJZz/RcMNGlBHOJk1F6IlPhR/ysX40rmZVe6Q0jARL1_2F7/4SWaj9GYvp9g5/gLw.gif,200,77.122.205.79,334,134,0.059402,"-","Mozilla/4.0 (compatible; MSIE 8.0; Windows NT 6.1)","text/html",User1
49772.707426,http://siclaicorumunis.com/images/D_2BDZemlZp/KgzEm22MyXpvIH/huNIUmJlnjd8G9WOJZQwi/idCsFEWad_2F19oi/T1xAI78BiHmtQ38/KIwPz8aejojAl_2F0d/06XE8aRr7/62AlqrAocb849HMl9O0T/IoIex7SUCq0P3_2B396/KsQ2q1hRqq/N9ix9.gif,200,159.224.140.219,337,134,0.028818,"-","Mozilla/4.0 (compatible; MSIE 8.0; Windows NT 6.1)","text/html",User1
50569.544342,http://siclaicorumunis.com/images/EJv7NDcKme1/JEo6xPlAF71zYH/LvSucQssA2lOWB9vZPd_2/F3jfEc00yaAGuRnM/IK3eDWChqiJAkoA/scsHi4jx_2F7wp9Lh5/6AavxQkQo/7zIv4GDNzOOA8Isk8qaA/GJhuewi0SjBT01fE1Yj/gJlYYdKMJo/q.gif,200,159.224.140.219,333,134,0.028772,"-","Mozilla/4.0 (compatible; MSIE 8.0; Windows NT 6.1)","text/html",User1
50969.544932,http://siclaicorumunis.com/images/l2Wtm9GcBrnQYs1jA_/2F0IrFK2B/JjsHT5v8EARnAXS2UN98/i14wixNB_2FEynaIkXM/BV5FB_2B9poImBymd5AHyb/Vh_2B_2BQ4VBw/NHiIrV82/XszGlL18ZEM92qN0O1RcUUq/wZiCaxqNIw/6lnnnI8K4y9TvHPeo/n.gif,200,159.224.140.219,339,134,0.028794,"-","Mozilla/4.0 (compatible; MSIE 8.0; Windows NT 6.1)","text/html",User1
51369.827458,http://quodrarusdatmentempublic.com/images/rQ9Q0BfxEFMj6VmfoQDIy/qDOB9Jx_2FQ01g4C/Ivhh_2Fvxq6DUoS/t7KFUX59lM6RJFN92K/whKpJzZo9/239bQVbai9r1VHk1wo_2/F6U_2FrOuJA0TuLD5iD/lv5eKUwJE45v588Wt_2FyB/yGt3RSCRp6SVX/Ye9EmAt.gif,200,91.244.27.225,347,134,0.043918,"-","Mozilla/4.0 (compatible; MSIE 8.0; Windows NT 6.1)","text/html",User1
51769.572414,http://quodrarusdatmentempublic.com/images/Gf3ysnDhOU/LJIWoM_2FnD7BBjEo/peQYdlU7mF3_/2BPkvd4ljWG/kVH46OkwWHBPay/c4FgmzxHCG9hX_2FwbjCF/HuvkT9r_2BasSFwJ/LF7hTq_2Bz5njUG/qAKvlPXlgGlDKBA0VA/GFSPghTTf/BLvo_2FpR3yZtVi/6WtS.gif,200,91.244.27.225,351,134,0.043738,"-","Mozilla/4.0 (compatible; MSIE 8.0; Windows NT 6.1)","text/html",User1
52169.579142,http://quodrarusdatmentempublic.com/images/DeOqXezCDy_2/BGQDva0LsWL/hUDfND1D2n_2BQ/95vveJL3Ap1ql64S5cUcn/hIni9G1hQJ48u22D/uGMgAcZmeyQm8wT/PhSjq95ESNm_2FIqas/Hen1Eb2Vp/pgQPLPixJ97f4wjLj24J/XXl4oKloyGo/nsLWmkzc/G.gif,200,91.244.27.225,345,134,0.043679,"-","Mozilla/4.0 (compatible; MSIE 8.0; Windows NT 6.1)","text/html",User1
52569.586807,http://quodrarusdatmentempublic.com/images/Ci5rAKKX7ja7l5kpH0vKau/vEEKLZfltGB_2/BNDwoRbn/jCI_2Bfls5kN5DeO3ywz2bk/uatY132b9X/4gOCfAxt_2ByI5qgA/Z9dh7sLRa956/tzDZf5hijR7/3PwBsCPDzB_2F0/w_2BteF0TNK0zIdhJht1_/2F1G2a2Av4/m.gif,200,91.244.27.225,351,134,0.044007,"-","Mozilla/4.0 (compatible; MSIE 8.0; Windows NT 6.1)","text/html",User1
52969.586764,http://quodrarusdatmentempublic.com/images/IjJeyuzb/8RWi_2FPNvwu4kfWpKeIlun/qEVilrsp5q/BhC461HenJn1VzZew/XLHim_2B_2FU/Z_2BNxQuQYw/_2FOeZiBznjzBz/uWf7FyuMQsl1mEG9lwXxA/pOgwFf3P5dT_2Ftc/JCX9uJtPDmKIQrC/s8B0tYWlPD6/lOQ6.gif,200,91.244.27.225,351,134,0.043907,"-","Mozilla/4.0 (compatible; MSIE 8.0; Windows NT 6.1)","text/html",User1
53371.109474,http://quodrarusdatmentempublic.com/images/cLidrpS5zq2dIsW/j7GRzMOyh3x0waQ06R/UELCZoD2V/vuH7v0mGZ16_2FQL_2BV/6znRYuNgnKuX0M04GEK/F_2BMmP7k83aLgj9O5azbI/fEMb1QQTu2wbX/HGgO8BXX/_2Fhy0bMUgvaQqI50m_2Bqh/TsTmHSiDX/UPEn.gif,200,89.252.42.242,348,134,0.051436,"-","Mozilla/4.0 (compatible; MSIE 8.0; Windows NT 6.1)","text/html",User1
53769.607864,http://quodrarusdatmentempublic.com/images/jha3KQob_2BjEiG1CN/dtTA1tA0a/yfCrJDDDENKrIvJh_2Ba/nFaizgBJlVIqtJY2mAn/t1PvPCmDiEBSbMKD1NpvFm/ztwM_2FL4msgt/NxD0sY4O/Fyx46Bjug7hQaLVzeN3fMMG/c43AR9mbW_/2B4RoPFOt/1irqOzL.gif,200,89.252.42.242,346,134,0.051357,"-","Mozilla/4.0 (compatible; MSIE 8.0; Windows NT 6.1)","text/html",User1
54169.609773,http://quodrarusdatmentempublic.com/images/KOBMrHuU_/2F2apXhZOQ_2BHSnX71I/8k_2BNTbRV7fOnGqLKX/yEBnzwCAF_2BWPilQSOyHs/nXQpSmSNULI40/m9btKHee/sjpksQOPlK0GWXsX1xDygRH/HgmITjnbFx/olY_2FJNwzDzY3vAW/SWimC7c2r3a/QYoJddS5.gif,200,89.252.42.242,348,134,0.047783,"-","Mozilla/4.0 (compatible; MSIE 8.0; Windows NT 6.1)","text/html",User1
54569.616103,http://quodrarusdatmentempublic.com/images/3FyJZWAoeg_2FD/hoTSc6QrCPQaLEUlrkAFQ/52YoMsyC30oaHJHH/VqLl5KWD3Y_2FAL/0GcHoAvXlhL2qDEDYq/1EsY9e7UP/ZEOSl8_2FmA6WBweBRDT/dJwWtLa52AS77e7D6OS/D49nc8GlGCoxbgGEcABnK9/G3.gif,200,89.252.42.242,343,134,0.053443,"-","Mozilla/4.0 (compatible; MSIE 8.0; Windows NT 6.1)","text/html",User1
54969.617204,http://quodrarusdatmentempublic.com/images/PdbErzsNgI5Eg/45dxlCsS/sGCCcstlrNcnxmsS4tEan_2/F8OxXz_2Fk/7qz1kZ6ySD2TrTGMP/i_2FOllqjzva/RzoKL6gMvBR/Qo_2BY9jLXefz2/qZWD3MjK5VseHrnzWwgad/uqafEEKiva1A_2BH/L_2Bs6_2BOXx_2F/bi96bC.gif,200,89.252.42.242,355,134,0.047531,"-","Mozilla/4.0 (compatible; MSIE 8.0; Windows NT 6.1)","text/html",User1
55369.867074,http://quodrarusdatmentempublic.com/images/Z_2FIe3h/W9zIM_2BPjwgQH4uO_2FNpQ/KOHGy5ZpoS/AdWV7bm0q_2FBM1Xq/eW03FgbXlGdh/W5HqYdjYYvE/TE_2BYbtAO7bJW/4U76qtLgk03VIqAoBil37/8VW9nf1CIEXR_2FO/ep1dsef0nDXnjjZ/v6Cn9TPot3l/8Kkl.gif,200,31.131.113.60,351,134,0.054270,"-","Mozilla/4.0 (compatible; MSIE 8.0; Windows NT 6.1)","text/html",User1
55769.638080,http://quodrarusdatmentempublic.com/images/LNo8ERLjekrOjSj/D9NQwhCZkMOuIqoxcA/wX5XattHu/Ujw9ZAa50SHE9cN6GuY8/m4WubF9RSzpERxa9Z29/sKytYA_2FDM4wbr8OYVSa2/XLHi6Jt_2Fm0u/ZWq4APr3/3AsbJV5jVp_2Bh3xVyCPNQ9/O6_2FCFCn/ql.gif,200,31.131.113.60,346,134,0.055068,"-","Mozilla/4.0 (compatible; MSIE 8.0; Windows NT 6.1)","text/html",User1
56169.638448,http://quodrarusdatmentempublic.com/images/YXXYS2yUS4C_2B_/2BUkvczMvtBwtYF3yu/bH5mvqhY4/pP4PxTV_2BjvYa8Z7VQw/Vw6PjoNcueCm5v44ipf/7VPoT7ebdbu6faZUUG_2Bw/nAKDgoQa_2B_2/Bnt2KApU/32ZNtjgwijMrOVIFnb7IuvZ/wSm2wMAuxVy/xtVC.gif,200,31.131.113.60,350,134,0.055187,"-","Mozilla/4.0 (compatible; MSIE 8.0; Windows NT 6.1)","text/html",User1
56569.784218,http://declaremissioprobatum.com/images/UGoWiTq_2BRA2ROE6J7ZWv/bgJyoQZj4lYba/D4IIuPVb/vQLaW6JE40PHnpKQeeuFI2x/DTMMpaNkYn/hQw5d_2Bv8cWyVYue/zK6Yo1swose5/ckPWpU3coqq/zzzgrzc4xiCXDp/Voz5x5val9A8t0aSKEkJi/afp.gif,200,151.80.78.61,339,202,0.114102,"-","Mozilla/4.0 (compatible; MSIE 8.0; Windows NT 6.1)","text/html; charset=UTF-8",User1
56969.613006,http://declaremissioprobatum.com/images/jxgsiwbOhz/7Fq0YIJgRQ3qRzsox/cITGl4qYFtGY/8Qd2n7TPJnw/pfL_2F0lY30GLn/5UVP9_2BimTQw1LtaIKtt/FgHIgrVOfxaldWfl/gBYHY3GqlvKBqUz/1FBlJ2DnjpINGWqSR_/2BRb_2B4Z/tAR4mWHkb_2F/nbRXX.gif,200,151.80.78.61,346,202,0.016547,"-","Mozilla/4.0 (compatible; MSIE 8.0; Windows NT 6.1)","text/html; charset=UTF-8",User1
57369.619910,http://declaremissioprobatum.com/images/g_2BN4yntCWiS2lRz8Gdkq/MSpdHxIO76ZCn/xqIZiQeH/4SN31ebKKF8GUoPgXXOMsJu/S5KXgrHQPI/VMSum4KFxHHLNBVpD/gtCx9tuODOuR/A1slD30YcZS/P_2FNhE9ZKFFha/cQz4gyT3UH4ivEfsQPZ3p/qRH.gif,200,151.80.78.61,339,202,0.016428,"-","Mozilla/4.0 (compatible; MSIE 8.0; Windows NT 6.1)","text/html; charset=UTF-8",User1
57769.619547,http://declaremissioprobatum.com/images/5KkfTLRaK6WblImZo/Llm6PiYlPXnG/RO2rPdR847g/SQD0CmzJu8wORP/WWq2BO4u3kLdiw369B4QB/xfKVTiUcQQHQKR5J/hN6nAkDmc1I_2Bq/0rce_2FFUybMbLPY_2/B5UviJ3_2/FOW3enrdSAcFB1O4VUZ2/jm7yT.gif,200,151.80.78.61,343,202,0.016407,"-","Mozilla/4.0 (compatible; MSIE 8.0; Windows NT 6.1)","text/html; charset=UTF-8",User1
58169.626582,http://declaremissioprobatum.com/images/5Tgj7jl_/2BDalM5VtNZNve4m1z35Mok/DitYoVAiWj/vKPRkOufWwuW_2BBA/u_2FyuGNUyMh/Yod4MKGe_2B/fUAEEl0Bdz6yfP/4UoHZPMiKsvSkd_2FvZ_2/B3nVGbQDOFk_2B8M/znUK50xrpcFfKOx/tZ_2FbmRxMtmq6FB/QTl.gif,200,151.80.78.61,352,202,0.016426,"-","Mozilla/4.0 (compatible; MSIE 8.0; Windows NT 6.1)","text/html; charset=UTF-8",User1
58570.460130,http://declaremissioprobatum.com/images/ehb0AdZPOB0JWg/_2BGixJ7eQsRJFFjBeHou/jez9riMMALXRHPH_/2BhqsV8SwhBBFe8/Z579eZmIrZqxZbHFN8/THm47k3kT/2YguwiOO8BloE2_2BCj5/ZSAmhm_2BGSisqYblL6/n7bcWJRjPV9nRz12Mvfv_2/B9rCrt.gif,200,176.31.62.78,344,202,0.779041,"-","Mozilla/4.0 (compatible; MSIE 8.0; Windows NT 6.1)","text/html; charset=UTF-8",User1
58969.639576,http://declaremissioprobatum.com/images/XNIVf2KKA6cOF0_2F4n/BYp_2BGjxUdztecmekIspo/IORLaC_2FwfVB/gwIntliY/mSKadTB2PmuzTxTZ64inzhO/Etsb8IWqeY/SMy3_2BdStkssZ4Fb/D253gtiqHIZ0/i1NDAC0Npgy/VdrxyQnli_2BpU/DL7RjdTem/oz.gif,200,176.31.62.78,346,202,0.016451,"-","Mozilla/4.0 (compatible; MSIE 8.0; Windows NT 6.1)","text/html; charset=UTF-8",User1
59369.640176,http://declaremissioprobatum.com/images/M2QBt34rB6o/GQVWceW4zGGFtR/QnM66xRWJPod_2BplSH3w/ZUYmSoEGoYhzQT_2/ByYopHqKKaA3jDd/zpYUMzwWVJzwjUjSC_/2BjQOhxWO/8Tnfp72xGfioAWftZ11f/YgpJ2R_2Fbx1_2BTzNt/DwbsQmv8/gvMGNVmu/N.gif,200,176.31.62.78,346,202,0.016539,"-","Mozilla/4.0 (compatible; MSIE 8.0; Windows NT 6.1)","text/html; charset=UTF-8",User1
59769.646620,http://declaremissioprobatum.com/images/_2FPb6u7Y/RULMZWH0hJ262uuIb7Vd/wO7tgC5_2FokToKgUSF/tXYIEP22plGa_2FPZyPWiG/niKh2UTRzMI4y/BWFnpapC/IAZgP8iuVpjN2Y6exdbnwst/7qxAOx8alt/l3SRyBU2Tcb4Kji6X/HrWgH2KzuZ/UWONU.gif,200,176.31.62.78,341,202,0.016487,"-","Mozilla/4.0 (compatible; MSIE 8.0; Windows NT 6.1)","text/html; charset=UTF-8",User1
60169.653378,http://declaremissioprobatum.com/images/FlBPb_2F/_2BSK3ZF4FNpcDaDElVYVZo/s6_2Bh2_2B/_2FrICCMp9lRgunaV/d3jzV3iXhR8e/_2FlBaiwshV/dyxDu05GEgd9EJ/lb_2FvGskLB3ziNlHTxns/3vWAjgrfE4KG8pfd/oMLRa46lCp6ppUm/LtEh1LinCTWELTP/gb.gif,200,176.31.62.78,350,202,0.016602,"-","Mozilla/4.0 (compatible; MSIE 8.0; Windows NT 6.1)","text/html; charset=UTF-8",User1
60569.817425,http://declaremissioprobatum.com/images/SEOMF92rGzOUAv_2B/7cc2DLR_2Fmv/phd46nvlAVV/oqPZDRNRZY5ZXu/P1VLEHH9FNvJPtG6euF5n/vkVHKJwaHvskPczU/Pl0hBBzSaGEPrEr/qsyuBOJa2H2kxry1g1/wHVwuz0g2/L_2FfRmrEu1ZO/8P8lGiNHt/C.gif,200,87.98.254.64,342,202,0.016650,"-","Mozilla/4.0 (compatible; MSIE 8.0; Windows NT 6.1)","text/html; charset=UTF-8",User1
60969.660011,http://declaremissioprobatum.com/images/8dgXe7M2idZv/y64_2FeVCBR/pgtTZrMBDMjiDJ/NsoS_2FHjb_2B_2Bokz4T/825p2EamT2OL7LXO/oQFfImc4GMQnJOM/NCl6DEGfIw_2Bm0OTD/wOzeyRHL_/2BGu44IWqZ9xNdC3vBwB/2413KLTPd_2F4DqPU2B/Aeovey4r/u.gif,200,87.98.254.64,350,202,0.016434,"-","Mozilla/4.0 (compatible; MSIE 8.0; Windows NT 6.1)","text/html; charset=UTF-8",User1
61369.666891,http://declaremissioprobatum.com/images/VAQmNvir5oFZ/iJOu_2Br8SF/CuFx3ZPXLSFrnU/aBoptLChYMM9ZOZCLQjv6/R2GSEcxZupjYpdAS/rpiDn0ETYhqTxQB/psXDjjPbrZM1VvAo5Z/2X6qUXbk_/2FamlJkW7xlKW0OScDfn/wJYcLqcAKhU/snU_2BN5/k.gif,200,87.98.254.64,342,202,0.016606,"-","Mozilla/4.0 (compatible; MSIE 8.0; Windows NT 6.1)","text/html; charset=UTF-8",User1
61769.673945,http://declaremissioprobatum.com/images/UK1oEO3oWoCh_2Fw/t2cY0cWcjiSBAjt/KXHF3n1SWCf2trJc_2/FMITb8KuL/L7LqUqTcMUDWei792WVo/6oVEne4Nl_2Fx_2BNkX/QogOiZH5SncrXszGOj6lXV/lnbCciUJf5sDh/8DYRUbl2/zPshPToraixJq86WV/8.gif,200,87.98.254.64,343,202,0.016604,"-","Mozilla/4.0 (compatible; MSIE 8.0; Windows NT 6.1)","text/html; charset=UTF-8",User1
62170.406312,http://vereinfernusscrip.com/images/0CEvio722_2F_2BaV3cgR/eYNFY2Pccqdai4Ld/xJDuAi9xlc36FSt/3UWWoUBuDhz9o85zkm/oAtKvEZhH/KGDKCSS6ZGyIDhNC98Hz/Md7SHJhodO9AWTX6tQu/cjLnZVEs9oZYUZLDnRU_2F/pWxD3gapTBBSk/_2FNC.gif,200,176.31.62.77,338,202,0.695019,"-","Mozilla/4.0 (compatible; MSIE 8.0; Windows NT 6.1)","text/html; charset=UTF-8",User1
62569.686373,http://vereinfernusscrip.com/images/ktNe9Tn_2/FAfZePpJXg7iR01xL1Wg/gPqIfEcc8W8qS5S_2Fn/_2BgsxHuPqjtW7SnD6ETvm/gRojkt8cWcVyD/o3EZvOPC/Cu4mA2f74cl5aW473Oo1ql_/2BtdZfmoah/Mhsvh6QxJvwY_2BCd/eM772xo6_2BMF/4C8SJdcS.gif,200,176.31.62.77,343,202,0.016309,"-","Mozilla/4.0 (compatible; MSIE 8.0; Windows NT 6.1)","text/html; charset=UTF-8",User1
62969.687157,http://vereinfernusscrip.com/images/FIorcPYqvz/M9wmGDGqymwz8X_2F/Pq1O4YwfBPJC/ALuNG3vP_2F/sB0y0QXWWz5W9V/6UTmyGc2oiSXUbI3yh9V7/ut2xOuQZLEa_2Fzm/qH6mL06bXer_2Be/qgCkLkrPP1PWddyc8u/ekzB7zNnf/zW94VWgIgceQO/Iu.gif,200,176.31.62.77,340,202,0.016566,"-","Mozilla/4.0 (compatible; MSIE 8.0; Windows NT 6.1)","text/html; charset=UTF-8",User1
63369.693836,http://vereinfernusscrip.com/images/IMZ0IUw78Stg8jlGp0wd8/tNPsXQa2_2BnIQ7S/bvYn55YdR35_2Bb/oot19OoL4CWJCffJct/V2WeNzFQN/ygh1GTORm9rn0w6MHqe6/xhYa15NPXrvT4HWyT_2/BTpLzx4_2BRhlKgPmCiINd/SUWyDexNfmI/01T4EiD.gif,200,176.31.62.77,338,202,0.016648,"-","Mozilla/4.0 (compatible; MSIE 8.0; Windows NT 6.1)","text/html; charset=UTF-8",User1
63769.700199,http://vereinfernusscrip.com/images/zMZroS6FS/VS0yNWqJguWj_2FzSIIj/fdqYoHDjDFt6jSNzHNX/qJm_2FG_2FKi9U97eDQ_2B/5RFUuYVo03ddQ/tE_2F_2F/lJGtc0zJsDN84_2FPC7omKO/_2BPA_2Fvr/l_2Fh7eS5LoTNOPhJ/XlFA7Q06l_2F/5_2FIojngUxZGyJ6n8/Qjn.gif,200,176.31.62.77,356,202,0.016499,"-","Mozilla/4.0 (compatible; MSIE 8.0; Windows NT 6.1)","text/html; charset=UTF-8",User1
64170.122137,http://vereinfernusscrip.com/images/lOJx8UCOwbcrQbQ/ro6fYoTsbQ0mgd0Ll6/yH_2BrxKd/NOV_2FzGyScQAYG0krlD/pjTvhkGv6E_2FbzSLUQ/sL_2F4VLQXzvPpFIhF0IUD/5L8hhbB4wP4ZU/84mb1NNX/nJpUnOJHt_2FlNy0LBmxeIB/8UdUBGmV/M0qbM.gif,200,151.80.78.61,341,202,0.373437,"-","Mozilla/4.0 (compatible; MSIE 8.0; Windows NT 6.1)","text/html; charset=UTF-8",User1
64569.707251,http://vereinfernusscrip.com/images/eb48ruzNov70JTTyWR/A8eprrzk7/t3hbv_2Fx_2FeW75t437/_2FeQBko7SCPPX798yi/3TpC2DTrCVDZVwNf7Rtg06/6wz37tVcus1Pv/Hx0mQGxE/eXRmy90h9GgrG1VHUvwm6XS/IcjW_2FOs5/_2FJFfSfFUhv8/PXQXP.gif,200,151.80.78.61,341,202,0.016369,"-","Mozilla/4.0 (compatible; MSIE 8.0; Windows NT 6.1)","text/html; charset=UTF-8",User1
64969.713630,http://vereinfernusscrip.com/images/vS_2BAg2wE/HTf_2BoReRWQjtjAl/AtVNkfHDLuPa/ZWdwhz6LXkf/eVROCO2cWaYcNk/JG1u9_2F_2FQzJKaPjdnG/ioAdDAgkH5AbwVpd/mB0DHI5hBKgQb6I/Xfvp7kJ_2FQdNlWA0Q/aPu_2BoJF/udqQgutVSWquo1QNo/Cw.gif,200,151.80.78.61,344,202,0.016488,"-","Mozilla/4.0 (compatible; MSIE 8.0; Windows NT 6.1)","text/html; charset=UTF-8",User1
65369.720802,http://vereinfernusscrip.com/images/B4ICXOOSPFjcy/cngC_2Fu/el0J9uDdx_2Ba0mvNFjUxS8/B3iWgDNV30/nUt5xoH_2FZX6L4RY/_2FJ04Njo9ak/FgNKV4jgQ0P/MMp4Hit8XhXVVO/ck2vZ1YyLSl_2FI00pZAb/iM55arq4YXTReYTN/P_2BKj6cg/_2B9ZBcm/fR.gif,200,151.80.78.61,347,202,0.016444,"-","Mozilla/4.0 (compatible; MSIE 8.0; Windows NT 6.1)","text/html; charset=UTF-8",User1
65769.726853,http://vereinfernusscrip.com/images/X6dFxb2ai/i2s0yrtuqwNJYmPGzAdy/Krmpd2jsnTUAcbuQJ5_/2BDoXsXXSdAZZLdp_2FLkD/htspkWWnTXfsx/c4dIgj9Q/2_2BRPhS07hoL45qKP_2Bjt/PSlS3tleVK/sMA_2BMpctaKPr5lw/3kz_2FbC8/oMT_2FA606xSa/a.gif,200,151.80.78.61,346,202,0.016450,"-","Mozilla/4.0 (compatible; MSIE 8.0; Windows NT 6.1)","text/html; charset=UTF-8",User1
66169.770808,http://vereinfernusscrip.com/images/U7LS_2FM4U4ZDq67QVAAp7/EmFbLOZ2tuSSM/MUz8moBG/OHEfvo5l5AqHDiM_2BOZZeM/YtNARSmZng/BiooTEcERyWS2D7bN/HMPOEvD_2Fox/_2FqCD2NZcM/KiXScJGsAdBoI0/AMNz6QhCqMQ0KTvUDmV0U/VwrAZw7.gif,200,176.31.62.77,339,202,0.016409,"-","Mozilla/4.0 (compatible; MSIE 8.0; Windows NT 6.1)","text/html; charset=UTF-8",User1
66569.733902,http://vereinfernusscrip.com/images/YwL6oCVjNy/_2BqovLK0s3vAIMsX/R4DBslIr0b9E/Ew98_2FA8tb/clg6QTURuQQLV0/inpvnMjdhisC5g3sJ2S7X/fEi5_2FllAMOW5Si/H0XW7zkC_2Fni93/xl7DLDGdKsE4U2fGT5/NPGNCGomU/ZmB_2BDUn/_2BJZlMI2/V.gif,200,176.31.62.77,345,202,0.016615,"-","Mozilla/4.0 (compatible; MSIE 8.0; Windows NT 6.1)","text/html; charset=UTF-8",User1
66969.740523,http://vereinfernusscrip.com/images/AgS8goVPrWSbm38/12DToo9wKHxz3pT4Gl/I0cbcaDNY/aezVsytV7Gd8Ev_2B980/xeAWLutxQemJraZEV1z/GYDjUKhO6KGeJj98Fd_2FK/5vFg4Qe5F6BwH/oJq1q_2F/k12yzp01E6FLuRUSptrU4q2/Zf0lHJZT/H.gif,200,176.31.62.77,337,202,0.016551,"-","Mozilla/4.0 (compatible; MSIE 8.0; Windows NT 6.1)","text/html; charset=UTF-8",User1
67369.815294,http://declarandosiperfectam.com/images/6Z8w_2FHxHWc9BJ1mSTd/sUtjQEeTsqWjdwL8SqB/CqpNga3V1D4H81BHFR_2FB/Op9MrIarB_2Ff/rIu1Xnr_/2FS_2By7ijSr7h9NJcCEGrc/6xYu147Kyl/jGh64p0sxSaFAU0Up/LvVZIS_2B8iZ/vMC6HSSxAD8oKAI/LfQ.gif,200,176.31.62.77,347,202,0.016439,"-","Mozilla/4.0 (compatible; MSIE 8.0; Windows NT 6.1)","text/html; charset=UTF-8",User1
67769.748107,http://declarandosiperfectam.com/images/RashuOAC6/pwSSUnF0H3BXENdNgWtp/uzGnkatxbS4N_2FJAFO/WWioO48373UgM9pzQaMXY2/4shBMyjAaOKwu/b53VkiWv/TcQlx7BYrQtlJqK5Ll6SmOD/s3MLOwHbnw/qA2MP1e_2FIUqgvxA/5uYPxb1uLy/fPL.gif,200,176.31.62.77,339,202,0.016648,"-","Mozilla/4.0 (compatible; MSIE 8.0; Windows NT 6.1)","text/html; charset=UTF-8",User1
68169.754886,http://declarandosiperfectam.com/images/EaZ5tKOb9WlLi5/cxqCp97jnwkxhOjmHHrfl/nUr77wtSnmcMJxax/EIzx7b5FyIxGl0c/fM4N5mnzTmhztdaMmA/HMPv_2FTr/0KDT3mFMDI102b4gQqp0/Hye_2BtNQZhS0_2Far7/z7nFjMh39gr5NXFpAxfAi_/2FwQ.gif,200,176.31.62.77,342,202,0.016578,"-","Mozilla/4.0 (compatible; MSIE 8.0; Windows NT 6.1)","text/html; charset=UTF-8",User1
68569.760914,http://declarandosiperfectam.com/images/2MyR0J8JMTI5BYaqNKXloVN/3RCVch_2B1/1EgmExK13P5h8YwDR/DHWFacdN44vB/f7oa6Scwo03/Wbs_2FkkEpQLBT/rQJdsIfiG5GjPp2hXAlqr/fblpunoIk10OtERV/jf53wz8XeiKzAl4/aqkQ2XJUyUo/Fy4I.gif,200,176.31.62.77,339,202,0.016485,"-","Mozilla/4.0 (compatible; MSIE 8.0; Windows NT 6.1)","text/html; charset=UTF-8",User1
68969.768329,http://declarandosiperfectam.com/images/CLgOF_2BAHAEQZi/B6u8hQ09FwZd3oO3Uo/soxK3hR43/qdIhvIV5_2Bfsi3XGqoX/vnxhmzmPOXRtCtExQau/BYwoI9dS_2FGNR9nFT9j1X/foyBaDJ84_2Be/yuVA0AUI/QbJk0VMlZdVc5LQD6no4RiR/jBzss_2FaTqH/K.gif,200,176.31.62.77,345,202,0.016604,"-","Mozilla/4.0 (compatible; MSIE 8.0; Windows NT 6.1)","text/html; charset=UTF-8",User1
69369.838851,http://declarandosiperfectam.com/images/GiBvRwUJb0NV/KQxIjHluwCB/YZ654ANeeerbAf/BPtvE9qlC3G2_2BjQb0IO/HbEyQN0mWK1aBqLV/8FLrRHdURWCDQ8C/iSKkxZ5nhfoz1VNlN4/AB5oyLhZ9/oqmK7fjtYfVd9MOboWe3/3xkVmFUFpXz/GnatW.gif,200,176.31.62.78,337,202,0.016559,"-","Mozilla/4.0 (compatible; MSIE 8.0; Windows NT 6.1)","text/html; charset=UTF-8",User1
69769.774426,http://declarandosiperfectam.com/images/Zf4W_2BjhRbYFyL97fE/t7YgPbQ9FAXyaX_2BsYVP8/7eKIxCNdtfnUW/Tcj0zcLV/ZzNlV5K6nn7xVsF4X7Wl_2F/UQ7do6aYfP/41gkpjiLkr_2Be61Z/9w5SYNqja5Bt/YkPBfnIvocH/CodgynPR_2BNnZ/yRZtExgh/Mcg.gif,200,176.31.62.78,346,202,0.016470,"-","Mozilla/4.0 (compatible; MSIE 8.0; Windows NT 6.1)","text/html; charset=UTF-8",User1
70169.781650,http://declarandosiperfectam.com/images/kkKL_2BegMP/3UH6RJ_2FMLeRt/_2B3AD0fsq5_2FBeQc8uo/kAXeMOJIlSZzJwiz/Msx1P0EExQS6pJX/oNbCZLxoCHA99nze2K/H7SuE70ga/iZQ_2FieWOAOC_2FVY6i/zTcZYEW3y7CJ_2FJoap/BTlslBCGuK9/sqzYvzM3E/D.gif,200,176.31.62.78,350,202,0.016637,"-","Mozilla/4.0 (compatible; MSIE 8.0; Windows NT 6.1)","text/html; charset=UTF-8",User1
70569.788326,http://declarandosiperfectam.com/images/NsfSOILOFu5hB3_2BxB/XljAQp16mnFhM7NEuA_2B4/0PkA5ZRyHncyY/qq0hGBQ4/ezgoZg95W_2BxQ_2FfpjzWL/MUbxBpeoiZ/GSdIPhooMIan2_2Fc/L_2FdTz1DZZq/lA2Naxq7ZpE/lU4WWh9gUla9Vx/0BLFKRsh/Ul_2FFU.gif,200,176.31.62.78,350,202,0.016705,"-","Mozilla/4.0 (compatible; MSIE 8.0; Windows NT 6.1)","text/html; charset=UTF-8",User1
70969.788246,http://declarandosiperfectam.com/images/dMVo7tCk/Rzhbu7LJP54bJ0jKW7IGOsN/_2FsqxuXg_/2BlVMDHUjOxDROoPI/iqI_2FAs2Gzt/XUJw12V8eVQ/zzy8dllHuPrkga/MTMZBmDNv_2BtOK73fQuV/KJ5rquJ2JwX3acqk/kX5Vr_2BIOhI1GY/zE2fLoiLHIJk/H.gif,200,176.31.62.78,346,202,0.016602,"-","Mozilla/4.0 (compatible; MSIE 8.0; Windows NT 6.1)","text/html; charset=UTF-8",User1
71369.868503,http://declarandosiperfectam.com/images/qzzd2038Wty1V7iw7HnH/U7q2_2FodXQ9rfnp15t/XQPfUC0NJMEJcRvgDqrzHZ/a4A0AjOZWFUYM/qtPaA_2F/0bKGe7pVoBphrKvRfYDex1b/9sE5ieTkgv/Lh0PttH1qoz8kSI_2/FxlsNEMD0cgi/ODaeR5WvKLt/f.gif,200,176.31.62.78,341,202,0.016666,"-","Mozilla/4.0 (compatible; MSIE 8.0; Windows NT 6.1)","text/html; charset=UTF-8",User1
71769.801690,http://declarandosiperfectam.com/images/L44QHuqao/Bx3_2B3DghYr_2FHONBJ/n8MxaVfgnciO0CrhYGr/3B2sa_2ByUWG6fq6T1Z7wq/9YoTwA7_2Bvo5/FQko39UO/16bGOzvN8DonTew1kblzP3l/SvRm_2F6AA/v4mz5x2RryXzsHxBa/feW9jiigShksq/DCJxrC.gif,200,176.31.62.78,345,202,0.016606,"-","Mozilla/4.0 (compatible; MSIE 8.0; Windows NT 6.1)","text/html; charset=UTF-8",User1
72169.808198,http://declarandosiperfectam.com/images/Rp8cgwJFLyzjrL/Cm6NMmsU7878IHovVEKlD/DInNTWfjtqF9nfGU/dXJUILQtUpBRvx_/2BRjO6aLlV2ZsuZ4qs/rOkh5sHkT/dZByUL9EG5_2BzupXocc/WACvxLae_2Bvxk9_2BS/JTB_2B_2BHD4XtLHDgw4Mx/UFBnbR3n.gif,200,176.31.62.78,346,202,0.016546,"-","Mozilla/4.0 (compatible; MSIE 8.0; Windows NT 6.1)","text/html; charset=UTF-8",User1
72569.815136,http://declarandosiperfectam.com/images/YJaEGS6kOXhE/_2Fk7oWmr59/krhG6_2FKs3uAk/Fbu4EpYBaNxJ9lhWYiPNu/k2ORBP7dhbSUp4Oj/vYK887vvhaIDURw/50TB1kXAvQppgWyn8_/2FtD5WGcg/qSt4Smf32QrVdXiI02ti/2MUsTPjn6nufe6rCuZT/y.gif,200,176.31.62.78,341,202,0.016342,"-","Mozilla/4.0 (compatible; MSIE 8.0; Windows NT 6.1)","text/html; charset=UTF-8",User1
72969.909583,http://sedpertavidenturpotest.com/images/ETjrTHo367Cme3v/v1XMVIrxD_2FljiYGG/ir0o6rxSd/k849oanzZyBdppdq4yjt/26myQNiZiVOBV_2Fhcr/20FlFrzlbxCT9ZjNgxD7iE/Qv31ZMahG9IFc/7wemKvfA/AatYpBCVApGwyddBtv9UgV0/KZ4O5Uo.gif,200,176.31.62.78,339,202,0.016586,"-","Mozilla/4.0 (compatible; MSIE 8.0; Windows NT 6.1)","text/html; charset=UTF-8",User1
73369.822051,http://sedpertavidenturpotest.com/images/pq2swBfAY/YBAJZfNSgzX9hmYFXFtv/XRTPWj7fFQ0hjBJvxoC/ZVUIwB4T8uikg6lKnZOce3/sxB2v57i0T7vL/FJM_2BF0/fKc5HDEFUEbgfYDixtUiLst/l1r6rxEAl3/V7qt3WiHsvGptk9_2/BWStQWDuug/Ii_2B.gif,200,176.31.62.78,342,202,0.016726,"-","Mozilla/4.0 (compatible; MSIE 8.0; Windows NT 6.1)","text/html; charset=UTF-8",User1
73769.828756,http://sedpertavidenturpotest.com/images/jBIKhE0ihG/rrNEHvdKMwYgCVZwK/fvqKAr_2BUKS/TnkgOlLymve/CVwSfRdr0NWrAY/RVvjUGzsinLwcxEQhKB2j/Ekmt2e0t0qbJRSmK/ViNzMyStwpGm18t/4ehntVudz4A6bAoKBD/2AL4tZyG0I41S/xNLSR.gif,200,176.31.62.78,338,202,0.016540,"-","Mozilla/4.0 (compatible; MSIE 8.0; Windows NT 6.1)","text/html; charset=UTF-8",User1
74169.835454,http://sedpertavidenturpotest.com/images/rbPp2OJj/_2FAGRZVCJ75HqVv8PYGKzf/WzPsmOqt8F/aSGypW46UMZG3qjSF/82I1PHI589q7/GgIyWvZol0F/E83Ybj_2FhSjb6/9cfegvdafizwm48Ijqwcc/SyAfGafoETch3Voj/_2FScbAffBOTDF6/e5PJICmZ/I.gif,200,176.31.62.78,343,202,0.016561,"-","Mozilla/4.0 (compatible; MSIE 8.0; Windows NT 6.1)","text/html; charset=UTF-8",User1
74569.853257,http://sedpertavidenturpotest.com/images/NRV2B654AMwP/02OGP4YomhV/GVpIjnQ9xXx6K4/HscV5UaFFz8P3hQHgkpqy/P45E2F4_2Fr8sHOW/mTebPx0tmA7yhlF/xCFNPkY_2FElz4kcHJ/ES7hDxBYN/tPW4c6xPIHRBdS3FlFTc/vOBJ_2BnYgd/iFm9pHZw/J.gif,200,176.31.62.78,343,202,0.016466,"-","Mozilla/4.0 (compatible; MSIE 8.0; Windows NT 6.1)","text/html; charset=UTF-8",User1
74970.408809,http://sedpertavidenturpotest.com/images/iyIHpAu0rFDiV/DudxJM5Y/18vSCPLN6006L81iuuhNgoh/Fhp36f9Eia/TxV8rrZqJGnyf6QeG/NKJLdLJLZkrY/usvyvg_2B_2/Bu7NsrX61eq9Ox/2wGLBEtBKeswWv2tSk4zs/tq19FHaqChw93tV3/zyaNRJyw/h.gif,200,151.80.78.61,341,202,0.513433,"-","Mozilla/4.0 (compatible; MSIE 8.0; Windows NT 6.1)","text/html; charset=UTF-8",User1
75369.848744,http://sedpertavidenturpotest.com/images/QsjyWnOk0T_2F4S_2/FiYcDEOEaGqZ/w_2BrNr8IyN/TXDY53UcO18uXY/qK4Ip0K4z6jUWdNZt0b6T/Ce6_2BBBwtq_2F2g/du1J3CuNQnTiBxM/wQezHID1u_2BsQ_2F0/Rf2hLPF1Z/VO1dIdK9VuOPS2aSJqgD/ZFLrVFiAW/1i.gif,200,151.80.78.61,351,202,0.016489,"-","Mozilla/4.0 (compatible; MSIE 8.0; Windows NT 6.1)","text/html; charset=UTF-8",User1
75769.855430,http://sedpertavidenturpotest.com/images/wjgTwKCjsa/gz04ZY7FKmoCvfrTI/4rL9p2OJmZ5W/E6GxVhCsV6P/N5e_2BMCDY99Mr/zL_2Fm3zuT1GeL8MNJUQ_/2BCYWQ0_2BCKLciL/Osl9D8JEZnQaQqc/FJZpZlfQfKBbBAHzb0/Ffah4EQbD/RiQIA9ZKJMA/PHpQ.gif,200,151.80.78.61,345,202,0.016283,"-","Mozilla/4.0 (compatible; MSIE 8.0; Windows NT 6.1)","text/html; charset=UTF-8",User1
76169.856091,http://sedpertavidenturpotest.com/images/kbVYOnpae5nIePMx2cH/9qGlo8TIG3yTb_2Fzc6_2F/OrmuZEyas2Lur/M6U3x2Nu/3P_2FbpqO_2FnhRfidO0mVT/s_2Fk443_2/FLbmk_2B4Njw8FQtb/_2FT7yqIaaqg/AyHNlpY7L0V/pJtpw31c_2Bw6y/Qa_2BogaUKQVdfNV1l/GJ1.gif,200,151.80.78.61,357,202,0.016592,"-","Mozilla/4.0 (compatible; MSIE 8.0; Windows NT 6.1)","text/html; charset=UTF-8",User1
76569.862505,http://sedpertavidenturpotest.com/images/g9rVjtyaFwFz/ZcNbhdBSfTq/LYBdtrvt1u_2F2/o_2BZfmftifPFdM8usRKK/IuBmewndpMqicT_2/FjGrFAd43oTOdT5/09GfbCYR2WLvp1Uovx/8EIvfOnJh/SJhhyumbD5TEXGMXTxuz/1qI7Mt4lLAr90TN9J3_/2Bd.gif,200,151.80.78.61,344,202,0.016519,"-","Mozilla/4.0 (compatible; MSIE 8.0; Windows NT 6.1)","text/html; charset=UTF-8",User1
76969.937529,http://sedpertavidenturpotest.com/images/Y4JjAzDDGNH1paKtM8A2o/9j5dHImeC0igKACG/VRmblwmTpVOiEHP/_2FZlNYGOSSRgfGQiM/AhFy8rgvJ/K3I8NSre3CYFSC4oZB6u/OB3rsmq0hdruVyjjxFR/VWMTraZikNarYNfvqDSw5a/jCGlxJfbQ/1zL.gif,200,176.31.62.78,337,202,0.016560,"-","Mozilla/4.0 (compatible; MSIE 8.0; Windows NT 6.1)","text/html; charset=UTF-8",User1
77369.875473,http://sedpertavidenturpotest.com/images/M4LFlC4ZLrn7L0QE/I11c0plVYopJZxl/1L7U9ERfVd2e9xEDbp/nNeFXWeOB/18y1kVZ_2FBEpBKFmeSv/qpsx1pfLALdxXQw5Iga/1HF7yq6o10sX7DBhOGfqeC/cCGjP6Z5FbxgZ/B3vtqf5lbt/h_2F9Qj8Oz2/M.gif,200,176.31.62.78,340,202,0.016211,"-","Mozilla/4.0 (compatible; MSIE 8.0; Windows NT 6.1)","text/html; charset=UTF-8",User1
77769.876106,http://sedpertavidenturpotest.com/images/Sbtl_2BQVC/NgI81ZGxC5AQESaXT/8eEtiSdNb04t/mfCRBUGeepx/E6Am1lsMXJ0Avh/Vch49_2F3u_2B2GEj_2Bx/xt6_2BpwKskJ2ua_/2F3u3_2BOd2sgis/bt1K3cklHVGP_2BaQt/oFtDjbQqp/YT7IB6TWQ6ROs4V/kvc77Syr.gif,200,176.31.62.78,353,202,0.016633,"-","Mozilla/4.0 (compatible; MSIE 8.0; Windows NT 6.1)","text/html; charset=UTF-8",User1
78170.21112,http://propterstudiopausudandis.com/images/UkinNZRJJxd/48l3_2FoYW9JzI/c2j2LEfuX5ZYJnRFgwKmm/_2Bh_2Fnk8TaRjj1/1zGguGzvFBG7tiT/NJvNBVpsAhLWUiNa1G/EKokK56MZ/AcH5uOzUmBpjOXYBfv_2/Fs0MPaPcfWP4r2pzTAV/HIXu12dI9Rn_2B/EfX.gif,200,176.31.62.78,348,202,0.016553,"-","Mozilla/4.0 (compatible; MSIE 8.0; Windows NT 6.1)","text/html; charset=UTF-8",User1
78569.889195,http://propterstudiopausudandis.com/images/6GkrsorZopv9/FYcKg7mz4Uh/5s9FCJ6FXC2zhC/UJsYvrpag8zOwm45L_2FS/4JcFsC2qAwiz_2FO/G1mH4THNQkKvrPH/p1NfmHwYC_2Bv1_2By/12gT1yu_2/B0y9s8Q4CvZSZOO5zth7/iM0htKCKDtd0tYeiuYG/RWvsB.gif,200,176.31.62.78,348,202,0.016647,"-","Mozilla/4.0 (compatible; MSIE 8.0; Windows NT 6.1)","text/html; charset=UTF-8",User1
78969.900357,http://propterstudiopausudandis.com/images/8tSErpldoT0XYR/q1txE8tm2lBusRA8UUTgr/2ULIT5WYqtXurpV5/KgJS2o8gh1B4FtD/xCjpKc56qXbTcDwsHy/74UbCLNJ4/RGPhmkOhL39JfhmL6IiZ/tfsVnuAdwARF4o4ZUAt/lVhu87Jt9S/iXk4aoTY.gif,200,176.31.62.78,337,202,0.021102,"-","Mozilla/4.0 (compatible; MSIE 8.0; Windows NT 6.1)","text/html; charset=UTF-8",User1
79370.896910,http://propterstudiopausudandis.com/images/T7gttDlV_2Ffy9BJNNc/5nS4TCdmBoLLbvLwORFHzG/FlvL0lR9bVjkF/EJG833RE/hl8joQxg4vZRIKaxzv0JTro/TEM9glvWfO/BXAdoKUtH4DbVFB_2/FUGAw_2FVkJI/8ftOwotgLT6/6Ydm9g_2FrFUGV/f_2BJ_2B3/fynH.gif,200,176.31.62.78,351,202,1.017537,"-","Mozilla/4.0 (compatible; MSIE 8.0; Windows NT 6.1)","text/html; charset=UTF-8",User1
79769.907194,http://propterstudiopausudandis.com/images/w0TtUBBTo/0elxm00hj6U90pShBezz/WBfHqNn_2F71tpJLh5_/2FnAC2MBwXW4cuci5BwwBe/8EjE55iZPUuIG/AcrCOUBJ/2_2FydcLAVQTxcMDebfdCG8/_2Brp3wdM3/kJwYvJZd8S6Ws_2FB/xEsmV8oXV2c/ys6Qzkjg.gif,200,176.31.62.78,348,202,0.021070,"-","Mozilla/4.0 (compatible; MSIE 8.0; Windows NT 6.1)","text/html; charset=UTF-8",User1
